"longitude","latitude","nvessels","nreturning_vessels","bimac","density"
-49,21,0,0,2.14890027046204,0.0518375686201566
-48.5,21,0,0,2.13292193412781,0.28104256756562
-48,21,0,0,2.12782502174377,0.730585669741812
-47.5,21,0,0,2.15049195289612,1.33623514164505
-47,21,0,0,2.23430752754211,2.03449813697702
-46.5,21,0,0,2.29925966262817,2.76893657013921
-46,21,0,0,2.33772587776184,3.49016711623295
-45.5,21,0,0,2.31716561317444,4.15586121105934
-45,21,0,0,2.1551730632782,4.73074505111934
-44.5,21,0,0,2.12812042236328,5.18659959361367
-44,21,0,0,2.28760027885437,5.50226055644292
-43.5,21,0,0,2.27708649635315,5.66694999741609
-43,21,0,0,2.22312808036804,5.67706676423005
-42.5,21,0,0,2.26949858665466,5.528328892809
-42,21,0,0,2.30771160125732,5.22074161532644
-41.5,21,0,0,2.2006208896637,4.7648870728321
-41,21,0,0,2.13431286811829,4.18990533220147
-40.5,21,0,0,2.17517328262329,3.55656756308106
-40,21,0,0,2.23738574981689,2.92997551771461
-39.5,21,0,0,2.16364669799805,2.34543031403055
-39,21,0,0,2.06168842315674,1.82859170401552
-38.5,21,0,0,1.98891997337341,1.42390690499987
-38,21,0,0,1.9931343793869,1.18654730223398
-37.5,21,0,0,1.96442699432373,1.16185120660834
-37,21,0,0,1.87334322929382,1.28250195904004
-36.5,21,0,0,1.7872029542923,1.4018054157245
-36,21,0,0,1.84026777744293,1.45381448664193
-35.5,21,0,0,1.86655378341675,1.43147441109252
-35,21,0,0,1.77310717105865,1.33478518907628
-34.5,21,0,0,1.63914597034454,1.170801581293
-34,21,0,0,1.64071381092072,0.953633109142329
-33.5,21,0,0,1.6687319278717,0.704444054723693
-33,21,0,0,1.74719786643982,0.451453460836346
-32.5,21,0,0,1.82678127288818,0.229935130979352
-32,21,0,0,1.82678127288818,0.078155765261041
-49,21.5,0,0,2.14890027046204,0.10627658441506
-48.5,21.5,0,0,2.13292193412781,0.432640765636846
-48,21.5,0,0,2.12782502174377,0.976247343810541
-47.5,21.5,0,0,2.15049195289612,1.66655394411153
-47,21.5,0,0,2.23430752754211,2.4400677202415
-46.5,21.5,0,0,2.29925966262817,3.24035058660195
-46,21.5,0,0,2.33772587776184,4.01801921829419
-45.5,21.5,0,0,2.31716561317444,4.73074505111934
-45,21.5,0,0,2.1551730632782,5.34380324596513
-44.5,21.5,0,0,2.12812042236328,5.84173649238354
-44,21.5,0,0,2.28760027885437,6.21363909352083
-43.5,21.5,0,0,2.27708649635315,6.43884231868001
-43,21.5,0,0,2.22312808036804,6.49963549415835
-42.5,21.5,0,0,2.26949858665466,6.3811545148303
-42,21.5,0,0,2.30771160125732,6.07634985216958
-41.5,21.5,0,0,2.2006208896637,5.59650915734119
-41,21.5,0,0,2.13431286811829,4.99479026514577
-40.5,21.5,0,0,2.17517328262329,4.34279634655434
-40,21.5,0,0,2.23738574981689,3.68415178025425
-39.5,21.5,0,0,2.16364669799805,3.05647492475998
-39,21.5,0,0,2.06168842315674,2.51587822529246
-38.5,21.5,0,0,1.98891997337341,2.11855636933468
-38,21.5,0,0,1.9931343793869,1.89088426695984
-37.5,21.5,0,0,1.96442699432373,1.85603770435557
-37,21.5,0,0,1.87334322929382,1.99142545339926
-36.5,21.5,0,0,1.7872029542923,2.1520774819739
-36,21.5,0,0,1.84026777744293,2.2276024218907
-35.5,21.5,0,0,1.86655378341675,2.20761393324123
-35,21.5,0,0,1.77310717105865,2.09211201602549
-34.5,21.5,0,0,1.63914597034454,1.88815143094328
-34,21.5,0,0,1.64071381092072,1.60984169939422
-33.5,21.5,0,0,1.6687319278717,1.27834710347777
-33,21.5,0,0,1.74719786643982,0.921886685993172
-32.5,21.5,0,0,1.82678127288818,0.575734250439484
-32,21.5,0,0,1.82678127288818,0.282218361015589
-49,22,0,0,2.17377042770386,0.167069759893396
-48.5,22,0,0,2.21242809295654,0.57103107663961
-48,22,0,0,2.20180535316467,1.18518526181143
-47.5,22,0,0,2.16888403892517,1.93898470841074
-47,22,0,0,2.22666072845459,2.76893657013921
-46.5,22,0,0,2.31970810890198,3.61860276139835
-46,22,0,0,2.37343525886536,4.43859995728946
-45.5,22,0,0,2.28464555740356,5.19506537454408
-45,22,0,0,2.15123128890991,5.87773519574298
-44.5,22,0,0,2.13023138046265,6.47702125949013
-44,22,0,0,2.22150230407715,6.96219148125894
-43.5,22,0,0,2.26788377761841,7.29160864939426
-43,22,0,0,2.23046469688416,7.42999896039703
-42.5,22,0,0,2.19362711906433,7.3561981321678
-42,22,0,0,2.23446679115295,7.06342588620016
-41.5,22,0,0,2.1598596572876,6.58311720104926
-41,22,0,0,2.12887811660767,5.98615980473698
-40.5,22,0,0,2.14333128929138,5.32056321098261
-40,22,0,0,2.16154599189758,4.61581316293352
-39.5,22,0,0,2.0871205329895,3.93620821058611
-39,22,0,0,2.02328872680664,3.35743747940738
-38.5,22,0,0,1.97162115573883,2.93099305280564
-38,22,0,0,1.94760322570801,2.68779582277626
-37.5,22,0,0,1.89375853538513,2.6444887114151
-37,22,0,0,1.85318386554718,2.78798972429285
-36.5,22,0,0,1.79133558273315,2.97850196335246
-36,22,0,0,1.78701329231262,3.07519118536871
-35.5,22,0,0,1.79679048061371,3.05755428361918
-35,22,0,0,1.71103465557098,2.92559125810387
-34.5,22,0,0,1.62476897239685,2.68635686952259
-34,22,0,0,1.61399936676025,2.35396063927498
-33.5,22,0,0,1.68220686912537,1.94956684946046
-33,22,0,0,1.71179485321045,1.50139454287829
-32.5,22,0,0,1.73865187168121,1.04471752302754
-32,22,0,0,1.73865187168121,0.621864354107072
-49,22.5,0,0,2.24694299697876,0.219352989929633
-48.5,22.5,0,0,2.28178334236145,0.675049218474473
-48,22.5,0,0,2.25850796699524,1.33623514164505
-47.5,22.5,0,0,2.16601800918579,2.13236315244323
-47,22.5,0,0,2.15463185310364,2.99994040457071
-46.5,22.5,0,0,2.26314377784729,3.88252881242897
-46,22.5,0,0,2.25812125205994,4.74669662067145
-45.5,22.5,0,0,2.2110333442688,5.59164500463652
-45,22.5,0,0,2.14871525764465,6.41082351019833
-44.5,22.5,0,0,2.14168095588684,7.15756819609782
-44,22.5,0,0,2.18502235412598,7.76972411046326
-43.5,22.5,0,0,2.20708775520325,8.19790792839596
-43,22.5,0,0,2.15545678138733,8.40684584639685
-42.5,22.5,0,0,2.13354086875916,8.3753735823665
-42,22.5,0,0,2.1357843875885,8.1036406883609
-41.5,22.5,0,0,2.10713028907776,7.64931674942502
-41,22.5,0,0,2.10036206245422,7.07670533929022
-40.5,22.5,0,0,2.11521649360657,6.40828687530124
-40,22.5,0,0,2.05956029891968,5.69369181190882
-39.5,22.5,0,0,1.98734259605408,5.00452332008397
-39,22.5,0,0,1.97322416305542,4.38793839103746
-38.5,22.5,0,0,1.91421782970428,3.88693453618145
-38,22.5,0,0,1.85672974586487,3.56366670738767
-37.5,22.5,0,0,1.83692109584808,3.47185360661499
-37,22.5,0,0,1.83809387683868,3.61147472204649
-36.5,22.5,0,0,1.77693009376526,3.82464077426169
-36,22.5,0,0,1.7553768157959,3.94014269147744
-35.5,22.5,0,0,1.73116087913513,3.92485737662785
-35,22.5,0,0,1.68286180496216,3.77878482971291
-34.5,22.5,0,0,1.63979768753052,3.50897981143245
-34,22.5,0,0,1.67198371887207,3.12955184318608
-33.5,22.5,0,0,1.67883396148682,2.66166520707325
-33,22.5,0,0,1.70386803150177,2.1335389458932
-32.5,22.5,0,0,1.71687972545624,1.580446863145
-32,22.5,0,0,1.71687972545624,1.04471752302754
-49,23,0,0,2.34334230422974,0.249021985297658
-48.5,23,0,0,2.32491159439087,0.730585669741812
-48,23,0,0,2.31618142127991,1.41528746191176
-47.5,23,0,0,2.18420553207397,2.23257975480938
-47,23,0,0,2.20441913604736,3.11896970213636
-46.5,23,0,0,2.15688538551331,4.0339707878463
-46,23,0,0,2.15196681022644,4.9862491800352
-45.5,23,0,0,2.14087390899658,5.97903315494097
-45,23,0,0,2.1317720413208,6.95443008837202
-44.5,23,0,0,2.18053007125854,7.83521522756796
-44,23,0,0,2.18666362762451,8.55789572623047
-43.5,23,2,1,2.12786412239075,9.07308825946085
-43,23,2,1,2.09497904777527,9.34551902376006
-42.5,23,0,0,2.13837671279907,9.35402373702865
-42,23,0,0,2.15715336799622,9.11746642287688
-41.5,23,0,0,2.16313481330872,8.70566677285714
-41,23,0,0,2.18732929229736,8.16154888771499
-40.5,23,0,0,2.11629581451416,7.51265092205297
-40,23,0,0,2.00186634063721,6.82633322354306
-39.5,23,0,0,1.94372653961182,6.15060530590455
-39,23,0,0,1.92994594573975,5.51050450785867
-38.5,23,0,0,1.8655264377594,4.94835939360427
-38,23,0,0,1.81255304813385,4.52766280943969
-37.5,23,0,0,1.84423184394836,4.33269426882512
-37,23,0,0,1.79876863956451,4.42139916278732
-36.5,23,0,0,1.78672575950623,4.6411105898029
-36,23,0,0,1.73163497447968,4.77307361531821
-35.5,23,0,0,1.69704282283783,4.76013988736856
-35,23,0,0,1.64974093437195,4.60230940595393
-34.5,23,0,0,1.68270909786224,4.30663693177415
-34,23,0,0,1.70204651355743,3.88723198622885
-33.5,23,0,0,1.72305548191071,3.36525885141745
-33,23,0,0,1.77625322341919,2.76893657013921
-32.5,23,0,0,1.83999300003052,2.1335389458932
-32,23,0,0,1.83999300003052,1.50139454287829
-49,23.5,0,0,2.36953783035278,0.249021985297658
-48.5,23.5,0,0,2.32704091072083,0.730585669741812
-48,23.5,0,0,2.26256537437439,1.41528746191176
-47.5,23.5,0,0,2.19895815849304,2.23257975480938
-47,23.5,0,0,2.13306355476379,3.12743548306676
-46.5,23.5,0,0,2.09593152999878,4.10740366648779
-46,23.5,0,0,2.06317710876465,5.1957597151177
-45.5,23.5,0,0,2.04361987113953,6.33866763668193
-45,23.5,0,0,2.0952889919281,7.44575343650948
-44.5,23.5,0,0,2.11679410934448,8.43941474690242
-44,23.5,0,0,2.09776949882507,9.25615872156243
-43.5,23.5,2,1,2.05444192886353,9.84660203559083
-43,23.5,2,1,2.06934523582458,10.1754708854885
-42.5,23.5,0,0,2.10228586196899,10.2232667787604
-42,23.5,0,0,2.12881517410278,10.0310758781013
-41.5,23.5,0,0,2.17179846763611,9.66785581921974
-41,23.5,0,0,2.17313361167908,9.15888680743924
-40.5,23.5,0,0,2.11120200157166,8.55478628319175
-40,23.5,0,0,2.014573097229,7.91633043985869
-39.5,23.5,0,0,1.96588265895844,7.26176680431962
-39,23.5,0,0,1.92280781269073,6.61225965867399
-38.5,23.5,0,0,1.87390577793121,6.01013756712065
-38,23.5,0,0,1.84414041042328,5.51889337595794
-37.5,23.5,0,0,1.79446768760681,5.22318421358361
-37,23.5,0,0,1.78113198280334,5.2134368415038
-36.5,23.5,0,0,1.75264084339142,5.39404862670761
-36,23.5,0,0,1.731973528862,5.53165539269214
-35.5,23.5,0,0,1.72129261493683,5.52107325164242
-35,23.5,0,0,1.70125031471252,5.35383642262805
-34.5,23.5,0,0,1.7024792432785,5.03699966634883
-34,23.5,0,0,1.72340404987335,4.5846725042044
-33.5,23.5,0,0,1.74773073196411,4.01801921829419
-33,23.5,0,0,1.84230470657349,3.36525885141745
-32.5,23.5,0,0,1.89596796035767,2.66166520707325
-32,23.5,0,0,1.89596796035767,1.94956684946046
-49,24,0,0,2.2973952293396,0.219352989929633
-48.5,24,0,0,2.25100445747375,0.675049218474473
-48,24,0,0,2.23575472831726,1.33623514164505
-47.5,24,0,0,2.14117097854614,2.13291211683004
-47,24,0,0,2.13337135314941,3.05034773344177
-46.5,24,0,0,2.05519938468933,4.13155079772663
-46,24,0,0,2.04471158981323,5.35260940522641
-45.5,24,0,0,2.05717635154724,6.61544825868746
-45,24,0,0,2.0933039188385,7.8283554690122
-44.5,24,0,0,2.11135745048523,8.91539445810703
-44,24,0,0,2.07929420471191,9.81479918387196
-43.5,24,0,0,2.04425835609436,10.4750453393704
-43,24,0,0,2.07246494293213,10.8573343568402
-42.5,24,0,0,2.08885860443115,10.9454624370181
-42,24,0,0,2.13665819168091,10.7957371801172
-41.5,24,0,0,2.14628052711487,10.472060454526
-41,24,0,0,2.18157482147217,10.0066323632963
-40.5,24,0,0,2.14899659156799,9.46608562351716
-40,24,0,0,2.09398722648621,8.88567468715447
-39.5,24,0,0,1.95928251743317,8.263366937088
-39,24,0,0,1.92200684547424,7.61856296524224
-38.5,24,0,0,1.88546335697174,6.99359133581606
-38,24,0,0,1.85118794441223,6.45370858528274
-37.5,24,0,0,1.80841374397278,6.08709660630317
-37,24,0,0,1.71334493160248,5.98103730407006
-36.5,24,0,0,1.70503544807434,6.07319106755661
-36,24,0,0,1.70136988162994,6.18116318448697
-35.5,24,0,0,1.72125506401062,6.17238366595039
-35,24,0,0,1.71050703525543,5.9980920762362
-34.5,24,0,0,1.72102689743042,5.66479421165742
-34,24,0,0,1.71814858913422,5.18659959361367
-33.5,24,0,0,1.75766932964325,4.5846725042044
-33,24,0,0,1.81312096118927,3.88723198622885
-32.5,24,0,0,1.87658369541168,3.12955184318608
-32,24,0,0,1.87658369541168,2.35396063927498
-49,24.5,0,0,2.15508961677551,0.167069759893396
-48.5,24.5,0,0,2.16591954231262,0.57103107663961
-48,24.5,0,0,2.17252159118652,1.18518526181143
-47.5,24.5,0,0,2.11306762695312,1.95339333392236
-47,24.5,0,0,2.09849286079407,2.9133920953644
-46.5,24.5,0,0,2.04240036010742,4.09502204380285
-46,24.5,0,0,2.1196722984314,5.41512178329341
-45.5,24.5,0,0,2.13365530967712,6.77425076951449
-45,24.5,0,0,2.2063262462616,8.08582640599138
-44.5,24.5,0,0,2.17089176177979,9.26896672037747
-44,24.5,0,0,2.16437554359436,10.254850909873
-43.5,24.5,0,0,2.08297657966614,10.9866635970164
-43,24.5,0,0,2.08553409576416,11.4220788336957
-42.5,24.5,0,0,2.09125828742981,11.5497136078379
-42,24.5,0,0,2.09534955024719,11.4394680153346
-41.5,24.5,0,0,2.09844970703125,11.1563169083544
-41,24.5,0,0,2.13060545921326,10.7448770921781
-40.5,24.5,0,0,2.09168481826782,10.2691555378757
-40,24.5,0,0,2.04959917068481,9.74159666160378
-39.5,24.5,0,0,1.94025301933289,9.15843053948464
-39,24.5,0,0,1.85629153251648,8.53216478064498
-38.5,24.5,0,0,1.87765455245972,7.89874708310807
-38,24.5,0,0,1.85762906074524,7.32492319132874
-37.5,24.5,0,0,1.75571775436401,6.9024023783178
-37,24.5,0,0,1.61342918872833,6.70698277388706
-36.5,24.5,0,0,1.54409205913544,6.67615406370966
-36,24.5,0,0,1.53502357006073,6.70641416244806
-35.5,24.5,0,0,1.64350497722626,6.6858520874932
-35,24.5,0,0,1.74487566947937,6.50685732397914
-34.5,24.5,0,0,1.76619744300842,6.16180152490067
-34,24.5,0,0,1.77447950839996,5.66479421165742
-33.5,24.5,0,0,1.76809668540955,5.03699966634883
-33,24.5,0,0,1.81549942493439,4.30663693177415
-32.5,24.5,0,0,1.81082201004028,3.50897981143245
-32,24.5,0,0,1.81082201004028,2.68635686952259
-49,25,0,0,2.12934994697571,0.10627658441506
-48.5,25,0,0,2.13024115562439,0.432640765636846
-48,25,0,0,2.15991568565369,0.976247343810541
-47.5,25,0,0,2.13348412513733,1.71839151273169
-47,25,0,0,2.15248513221741,2.72444186701576
-46.5,25,0,0,2.16680121421814,3.98861749283156
-46,25,0,0,2.23165249824524,5.40552636074084
-45.5,25,0,0,2.28795313835144,6.87161297242171
-45,25,0,0,2.31041097640991,8.28685415721312
-44.5,25,0,0,2.2858202457428,9.55988370228937
-44,25,0,0,2.23505520820618,10.6166266203024
-43.5,25,0,0,2.14571785926819,11.4058327634345
-43,25,0,0,2.09972739219666,11.895415226226
-42.5,25,0,0,2.07840704917908,12.0846637596894
-42,25,0,0,2.11101675033569,12.0422806604344
-41.5,25,0,0,2.1129789352417,11.821997540627
-41,25,0,0,2.13598775863647,11.471524941889
-40.5,25,0,0,2.09328937530518,11.0459093957576
-40,25,0,0,2.00663661956787,10.5476254493324
-39.5,25,0,0,1.89292061328888,9.98199840481612
-39,25,0,0,1.85605144500732,9.36795857079867
-38.5,25,0,0,1.81040179729462,8.73685328117293
-38,25,0,0,1.81468117237091,8.14496145972217
-37.5,25,0,0,1.73581457138062,7.6832816371684
-37,25,0,0,1.54065632820129,7.39893275846193
-36.5,25,1,0,1.37050604820251,7.22282035498535
-36,25,1,0,1.3502676486969,7.12088284757701
-35.5,25,0,0,1.5441597700119,7.04454712463662
-35,25,0,0,1.71429944038391,6.85896788375742
-34.5,25,0,0,1.7708443403244,6.50685732397914
-34,25,0,0,1.76723623275757,5.9980920762362
-33.5,25,0,0,1.81785368919373,5.35383642262805
-33,25,0,0,1.81647872924805,4.60230940595393
-32.5,25,0,0,1.84918463230133,3.77878482971291
-32,25,0,0,1.84918463230133,2.92559125810387
-49,25.5,0,0,2.16754913330078,0.0518375686201566
-48.5,25.5,0,0,2.15471839904785,0.281591531952423
-48,25.5,0,0,2.18927717208862,0.748325874462067
-47.5,25.5,0,0,2.16963410377502,1.49434929468027
-47,25.5,0,0,2.24970173835754,2.58139127180498
-46.5,25.5,0,0,2.2741265296936,3.95694589793995
-46,25.5,0,0,2.32919144630432,5.50058504292294
-45.5,25.5,0,0,2.29475831985474,7.08316055780075
-45,25.5,0,0,2.30499172210693,8.58568494008325
-44.5,25.5,0,0,2.23174333572388,9.91929978649858
-44,25.5,0,0,2.15218901634216,11.0185867826714
-43.5,25.5,0,0,2.12253975868225,11.842380932007
-43,25.5,0,0,2.0765643119812,12.3786546886989
-42.5,25.5,0,0,2.1061007976532,12.6376474184745
-42,25.5,0,0,2.10050249099731,12.6822678023437
-41.5,25.5,0,0,2.10466694831848,12.5499530311738
-41,25.5,0,0,2.12190651893616,12.2740450928636
-40.5,25.5,0,0,2.07201147079468,11.8962646954168
-40,25.5,0,0,1.98494172096252,11.4089352728054
-39.5,25.5,0,0,1.9300742149353,10.8230188740287
-39,25.5,0,0,1.85480070114136,10.178448311874
-38.5,25.5,0,0,1.77994358539581,9.53005420441877
-38,25.5,0,0,1.72797286510468,8.92889319135168
-37.5,25.5,0,0,1.70410025119781,8.44026769694466
-37,25.5,0,0,1.55890560150146,8.05919001773457
-36.5,25.5,1,0,1.38189208507538,7.72189633411623
-36,25.5,1,0,1.31065571308136,7.45389843729268
-35.5,25.5,0,0,1.4547735452652,7.26968438789086
-35,25.5,0,0,1.58601045608521,7.04829001894747
-34.5,25.5,0,0,1.70399343967438,6.6858520874932
-34,25.5,0,0,1.80013132095337,6.17238366595039
-33.5,25.5,0,0,1.82999956607819,5.52107325164242
-33,25.5,0,0,1.8815803527832,4.76013988736855
-32.5,25.5,0,0,1.90754854679108,3.92485737662785
-32,25.5,0,0,1.90754854679108,3.05755428361918
-49,26,0,0,2.16342568397522,0.0228744064420248
-48.5,26,0,0,2.15812754631042,0.194862854096243
-48,26,0,0,2.2089741230011,0.634323153652278
-47.5,26,0,0,2.23324966430664,1.43233545604561
-47,26,0,0,2.27158498764038,2.63707080624697
-46.5,26,0,0,2.2528703212738,4.14650346162719
-46,26,0,0,2.2652702331543,5.80989458744806
-45.5,26,0,0,2.2640335559845,7.48877009149574
-45,26,0,0,2.24725151062012,9.07522884247976
-44.5,26,0,0,2.15467190742493,10.4815490515894
-44,26,0,0,2.0812840461731,11.6381361127806
-43.5,26,0,0,2.11802363395691,12.5125970228092
-43,26,0,0,2.16201758384705,13.0961940964262
-42.5,26,0,0,2.16751074790955,13.3978291280069
-42,26,0,0,2.15433239936829,13.4863068625439
-41.5,26,0,0,2.18514895439148,13.415243515401
-41,26,0,0,2.12488293647766,13.2081387134325
-40.5,26,0,0,2.08312582969666,12.8706437987173
-40,26,0,0,2.05525660514832,12.3823959681164
-39.5,26,0,0,1.98073184490204,11.7593027030941
-39,26,0,0,1.88561522960663,11.0512225209828
-38.5,26,0,0,1.81053149700165,10.3370238818913
-38,26,0,0,1.74400639533997,9.70168191477325
-37.5,26,0,0,1.72150182723999,9.17537435474694
-37,26,0,0,1.64954197406769,8.67967620390997
-36.5,26,0,0,1.57400345802307,8.17169674532889
-36,26,0,0,1.47833442687988,7.72486618596788
-35.5,26,1,0,1.35344862937927,7.39822498288995
-35,26,1,0,1.41550314426422,7.09679371534684
-34.5,26,0,0,1.67479884624481,6.6997068395191
-34,26,0,0,1.83516156673431,6.18061422010017
-33.5,26,0,0,1.86147105693817,5.53165539269214
-33,26,0,0,1.90651953220367,4.77307361531821
-32.5,26,0,0,1.98203086853027,3.94014269147744
-32,26,0,0,1.98203086853027,3.07519118536871
-49,26.5,0,0,2.20441794395447,0.0899334125804053
-48.5,26.5,0,0,2.22535848617554,0.299429314168717
-48,26.5,0,0,2.2390820980072,0.755742494533431
-47.5,26.5,0,0,2.2122049331665,1.61676972006872
-47,26.5,0,0,2.23815131187439,2.92939594565212
-46.5,26.5,0,0,2.18756127357483,4.55169222330873
-46,26.5,0,0,2.22855949401855,6.32609028975933
-45.5,26.5,0,0,2.2304470539093,8.12880823874116
-45,26.5,0,0,2.19350242614746,9.85327760121681
-44.5,26.5,0,0,2.12191772460938,11.3957468310725
-44,26.5,0,0,2.05323457717896,12.6850264036637
-43.5,26.5,0,0,2.1347119808197,13.687628287922
-43,26.5,0,0,2.18450975418091,14.3690507985179
-42.5,26.5,0,0,2.22937107086182,14.710446970362
-42,26.5,0,0,2.17247939109802,14.7659567151371
-41.5,26.5,0,0,2.14207673072815,14.6264977597277
-41,26.5,0,0,2.09290242195129,14.3716783060356
-40.5,26.5,0,0,2.07007312774658,14.0054355728767
-40,26.5,0,0,2.00687527656555,13.4766305080735
-39.5,26.5,0,0,1.95177829265594,12.7937289689805
-39,26.5,0,0,1.84120535850525,12.0138986799289
-38.5,26.5,0,0,1.76440012454987,11.2174389869259
-38,26.5,0,0,1.77129626274109,10.5050460241449
-37.5,26.5,0,0,1.75382173061371,9.88551242204628
-37,26.5,0,0,1.73208391666412,9.25170270534968
-36.5,26.5,0,0,1.73497402667999,8.57589852102924
-36,26.5,0,0,1.60177171230316,7.94410364708078
-35.5,26.5,1,0,1.41518342494965,7.45212678422144
-35,26.5,1,0,1.41178381443024,7.03523317794995
-34.5,26.5,0,0,1.70190739631653,6.56918644982547
-34,26.5,0,0,1.87941479682922,6.02701662915075
-33.5,26.5,0,0,1.91532957553864,5.38558284577721
-33,26.5,0,0,1.94739639759064,4.6411105898029
-32.5,26.5,0,0,2.03560185432434,3.82464077426169
-32,26.5,0,0,2.03560185432434,2.97850196335246
-49,27,0,0,2.33840465545654,0.31541473673352
-48.5,27,0,0,2.33073258399963,0.630604617230879
-48,27,0,0,2.26532626152039,1.12921036861764
-47.5,27,0,0,2.16930937767029,2.05038652076058
-47,27,0,0,2.15546751022339,3.45958166245915
-46.5,27,0,0,2.20207047462463,5.1983034210705
-46,27,0,0,2.20939087867737,7.13880850468674
-45.5,27,0,0,2.24723172187805,9.16312289485251
-45,27,0,0,2.2243869304657,11.1229238672101
-44.5,27,0,0,2.16109871864319,12.8987504119108
-44,27,0,0,2.10445737838745,14.4231678396043
-43.5,27,0,0,2.10019183158875,15.6343912881705
-43,27,0,0,2.17651987075806,16.4606512609243
-42.5,27,0,0,2.20170927047729,16.842920812225
-42,27,2,1,2.10267090797424,16.8083653908364
-41.5,27,2,1,2.07800555229187,16.467190611276
-41,27,0,0,2.0633327960968,15.9685920793789
-40.5,27,0,0,2.06450653076172,15.4180451680837
-40,27,0,0,2.02759170532227,14.7945447188944
-39.5,27,0,0,1.92695081233978,14.0507761559459
-39,27,0,0,1.80888545513153,13.2108828234498
-38.5,27,0,0,1.72799563407898,12.3526129238351
-38,27,0,0,1.73177421092987,11.525741231435
-37.5,27,0,0,1.76171433925629,10.7163788945602
-37,27,0,0,1.77612257003784,9.89142012131642
-36.5,27,0,0,1.75837278366089,9.03499463929038
-36,27,0,0,1.69965505599976,8.19880815233782
-35.5,27,0,0,1.60969543457031,7.49534344377363
-35,27,0,0,1.64830851554871,6.90278712911934
-34.5,27,0,0,1.81568539142609,6.32423210296158
-34,27,0,0,1.94353699684143,5.73115064684186
-33.5,27,0,0,1.96704268455505,5.09018485379083
-33,27,0,0,2.01815032958984,4.37130557152244
-32.5,27,0,0,2.05783700942993,3.58540638568042
-32,27,0,0,2.05783700942993,2.77454137827025
-49,27.5,0,0,2.40715265274048,0.675049218474473
-48.5,27.5,0,0,2.36951804161072,1.1283677997764
-48,27.5,0,0,2.27781867980957,1.74746044111928
-47.5,27.5,0,0,2.19200992584229,2.76012074255283
-47,27.5,0,0,2.20724177360535,4.26979233531676
-46.5,27.5,0,0,2.1873414516449,6.1891909829942
-46,27.5,0,0,2.23707938194275,8.39824581139159
-45.5,27.5,0,0,2.20138025283813,10.7247453128746
-45,27.5,0,0,2.20556259155273,12.9842084602003
-44.5,27.5,0,0,2.10589408874512,15.056035051184
-44,27.5,0,0,1.97646737098694,16.8615128865826
-43.5,27.5,0,0,1.98319578170776,18.3006830725651
-43,27.5,0,0,2.0440366268158,19.2654978649465
-42.5,27.5,0,0,2.04945087432861,19.6790238432419
-42,27.5,2,1,2.01234531402588,19.5460155096622
-41.5,27.5,2,1,2.05020546913147,18.9797015525005
-41,27.5,0,0,2.05677103996277,18.1816515442999
-40.5,27.5,0,0,2.03292012214661,17.3401560146683
-40,27.5,0,0,1.97628486156464,16.5359762687647
-39.5,27.5,0,0,1.87782430648804,15.7301597327611
-39,27.5,0,0,1.75358068943024,14.870992499977
-38.5,27.5,0,0,1.67346036434174,13.9562838686146
-38,27.5,0,0,1.68077182769775,12.9655701575909
-37.5,27.5,0,0,1.71323227882385,11.9024578278065
-37,27.5,0,0,1.77451026439667,10.826357825575
-36.5,27.5,0,0,1.80459666252136,9.75514948153745
-36,27.5,0,0,1.79966962337494,8.69399990530525
-35.5,27.5,0,0,1.82122099399567,7.72982343460336
-35,27.5,0,0,1.89673721790314,6.86490787280292
-34.5,27.5,0,0,1.99179983139038,6.05366480208806
-34,27.5,0,0,2.02209448814392,5.32968887105715
-33.5,27.5,0,0,2.03133916854858,4.66595180430824
-33,27.5,0,0,2.07261204719543,3.97776808187644
-32.5,27.5,0,0,2.13803005218506,3.23654904713324
-32,27.5,0,0,2.13803005218506,2.4774189515217
-49,28,0,0,2.34106421470642,1.12116348702059
-48.5,28,0,0,2.32131218910217,1.74542482924712
-48,28,0,0,2.30267286300659,2.56485252810109
-47.5,28,0,0,2.26965403556824,3.74964429411643
-47,28,0,0,2.20437908172607,5.44462834097841
-46.5,28,0,0,2.19791460037231,7.64009212950022
-46,28,0,0,2.17905259132385,10.1762831252743
-45.5,28,0,0,2.17114520072937,12.816444596207
-45,28,0,0,2.16123652458191,15.3698751726953
-44.5,28,0,0,2.03937363624573,17.7219320542061
-44,28,0,0,1.92099940776825,19.7782259541375
-43.5,28,0,0,1.89497745037079,21.4064953125875
-43,28,0,0,1.95182454586029,22.4808546969572
-42.5,28,0,0,1.94843721389771,22.920248131152
-42,28,0,0,1.93713533878326,22.7233356361717
-41.5,28,0,0,1.94637870788574,22.0192013690021
-41,28,0,0,1.98775970935822,21.0280265640709
-40.5,28,0,0,1.92870402336121,19.9494028820835
-40,28,0,0,1.87780439853668,18.9227888615722
-39.5,28,0,0,1.79839313030243,17.9852743635474
-39,28,0,0,1.74552941322327,17.0484990375907
-38.5,28,0,0,1.68647456169128,16.0026499344934
-38,28,0,0,1.70447790622711,14.7966684446294
-37.5,28,0,0,1.70857632160187,13.465593221141
-37,28,0,0,1.78892755508423,12.1058363877644
-36.5,28,0,0,1.86447143554688,10.7836730061212
-36,28,0,0,1.88301265239716,9.50572440134098
-35.5,28,0,0,1.96271562576294,8.29479308404765
-35,28,0,0,2.07062864303589,7.12209444362338
-34.5,28,0,0,2.12127304077148,5.97319170964001
-34,28,0,0,2.11944890022278,4.96426421683544
-33.5,28,0,0,2.11890530586243,4.16386910472766
-33,28,0,0,2.15058398246765,3.48166240296436
-32.5,28,0,0,2.21083498001099,2.7992330407196
-32,28,0,0,2.21083498001099,2.10829896520625
-49,28.5,0,0,2.33110737800598,1.62680487684612
-48.5,28.5,0,0,2.26110577583313,2.44820727023568
-48,28.5,0,0,2.26376748085022,3.52560845114378
-47.5,28.5,0,0,2.26701712608337,5.02884074101283
-47,28.5,0,0,2.22185945510864,7.10048397579632
-46.5,28.5,0,0,2.15934300422668,9.67060168776075
-46,28.5,0,0,2.16924619674683,12.536627045095
-45.5,28.5,0,0,2.13621091842651,15.4666406681155
-45,28.5,0,0,2.10034942626953,18.2710635676849
-44.5,28.5,0,0,2.02866172790527,20.8443848086761
-44,28.5,0,0,1.92964386940002,23.0679231774436
-43.5,28.5,0,0,1.86689853668213,24.7906040958111
-43,28.5,0,0,1.84535241127014,25.8975331796836
-42.5,28.5,0,0,1.87516701221466,26.3342619355214
-42,28.5,0,0,1.86032164096832,26.141177686502
-41.5,28.5,0,0,1.87042832374573,25.4291842787229
-41,28.5,0,0,1.82462418079376,24.3717850180078
-40.5,28.5,0,0,1.80839610099792,23.1717991951506
-40,28.5,0,0,1.77242493629456,21.9589072644693
-39.5,28.5,0,0,1.70502424240112,20.7876112262902
-39,28.5,0,0,1.68829989433289,19.5971788988955
-38.5,28.5,0,0,1.67089819908142,18.2893197177213
-38,28.5,0,0,1.66863548755646,16.8328554435238
-37.5,28.5,0,0,1.7014297246933,15.2413815493547
-37,28.5,0,0,1.78991413116455,13.6065486630671
-36.5,28.5,0,0,1.87646186351776,12.0312354110852
-36,28.5,0,0,1.98413169384003,10.5529195634777
-35.5,28.5,0,0,2.06293725967407,9.14340376020242
-35,28.5,0,0,2.14852523803711,7.70348626902906
-34.5,28.5,0,0,2.18821334838867,6.2219908575076
-34,28.5,0,0,2.18527936935425,4.84420129536123
-33.5,28.5,0,0,2.17721271514893,3.74062523698096
-33,28.5,0,0,2.23915982246399,2.94477650629398
-32.5,28.5,0,0,2.23149919509888,2.30167740923874
-32,28.5,0,0,2.23149919509888,1.69540046212314
-49,29,0,0,2.32084202766418,2.17447356576095
-48.5,29,0,0,2.2768235206604,3.24802936576324
-48,29,0,0,2.22121977806091,4.70864215865629
-47.5,29,0,0,2.25227403640747,6.69835689715433
-47,29,0,0,2.19002103805542,9.28836680584856
-46.5,29,0,0,2.16179490089417,12.3317750051661
-46,29,0,0,2.17357420921326,15.5791294999797
-45.5,29,0,0,2.13816213607788,18.785023555821
-45,29,0,0,2.10892772674561,21.7889397396025
-44.5,29,0,0,1.99416255950928,24.5110455561892
-44,29,0,0,1.90553092956543,26.803093682661
-43.5,29,0,0,1.81588006019592,28.5059825596696
-43,29,0,0,1.8067672252655,29.5309204857996
-42.5,29,0,0,1.77873587608337,29.8997135461611
-42,29,0,0,1.7948625087738,29.7140904638448
-41.5,29,0,0,1.76646459102631,29.0664535112682
-41,29,0,0,1.73066055774689,28.0447582655982
-40.5,29,0,0,1.70560228824615,26.7655210590972
-40,29,0,0,1.76035749912262,25.3388693011529
-39.5,29,0,0,1.73360455036163,23.8447473748161
-39,29,0,0,1.70954716205597,22.2940974252064
-38.5,29,0,0,1.65118098258972,20.6460826357693
-38,29,0,0,1.69357347488403,18.9147773652147
-37.5,29,0,0,1.68569600582123,17.113541706966
-37,29,0,0,1.78288006782532,15.2802178576813
-36.5,29,0,0,1.90324401855469,13.5195411254318
-36,29,0,0,2.03379917144775,11.8878798401618
-35.5,29,0,0,2.10324835777283,10.3216085091899
-35,29,0,0,2.19127058982849,8.66209671109007
-34.5,29,0,0,2.24101519584656,6.88622190915451
-34,29,0,0,2.24015474319458,5.15263753807687
-33.5,29,0,0,2.23847246170044,3.65924110888107
-33,29,0,0,2.27000856399536,2.55885937992345
-32.5,29,0,0,2.33199501037598,1.81798193218387
-32,29,0,0,2.33199501037598,1.27454621015826
-49,29.5,0,0,2.35080409049988,2.79691503589341
-48.5,29.5,0,0,2.27969479560852,4.26076412351121
-48,29.5,0,0,2.29367828369141,6.27715242110526
-47.5,29.5,0,0,2.28150796890259,8.87247311314403
-47,29.5,0,0,2.24249076843262,12.0393166288192
-46.5,29.5,0,0,2.20425868034363,15.6102579604183
-46,29.5,0,0,2.22979736328125,19.2992276370903
-45.5,29.5,0,0,2.17590856552124,22.8266447729284
-45,29.5,0,0,2.04170846939087,26.0535500740271
-44.5,29.5,0,0,1.95881104469299,28.8970200014211
-44,29.5,0,0,1.84031319618225,31.1895678484425
-43.5,29.5,0,0,1.68123495578766,32.7815848562312
-43,29.5,0,0,1.59707593917847,33.6345490793823
-42.5,29.5,0,0,1.64060068130493,33.8427264274206
-42,29.5,0,0,1.69682776927948,33.5512038997041
-41.5,29.5,0,0,1.7347207069397,32.8613094449926
-41,29.5,0,0,1.74094569683075,31.7905689699196
-40.5,29.5,0,0,1.76040267944336,30.359028055232
-40,29.5,0,0,1.72745454311371,28.6683572547854
-39.5,29.5,0,0,1.65764129161835,26.8348626954786
-39,29.5,0,0,1.59353399276733,24.9350346760431
-38.5,29.5,0,0,1.6331262588501,22.9853213945711
-38,29.5,0,0,1.70209813117981,21.0164675609339
-37.5,29.5,0,0,1.75764167308807,19.0821517288777
-37,29.5,0,0,1.85865223407745,17.1775737932558
-36.5,29.5,0,0,2.02388763427734,15.3516352923595
-36,29.5,0,0,2.11859059333801,13.647603741684
-35.5,29.5,0,0,2.19513440132141,11.9630083001871
-35,29.5,0,0,2.23299288749695,10.1246460584557
-34.5,29.5,0,0,2.28953313827515,8.10185463202672
-34,29.5,0,0,2.2448878288269,6.04802341463566
-33.5,29.5,0,0,2.23009395599365,4.16773785049038
-33,29.5,0,0,2.22915363311768,2.66185629392236
-32.5,29.5,0,0,2.24952435493469,1.61008211668145
-32,29.5,0,0,2.24952435493469,0.960059772581165
-49,30,0,0,2.25780248641968,3.60599072031933
-48.5,30,0,0,2.27234315872192,5.64631905317673
-48,30,0,0,2.25384664535522,8.39629422392619
-47.5,30,0,0,2.28121542930603,11.7222323434894
-47,30,0,0,2.25946855545044,15.5328315837845
-46.5,30,0,0,2.25775361061096,19.6768534103572
-46,30,0,0,2.2562198638916,23.8653726881548
-45.5,30,0,0,2.15638732910156,27.7835271261614
-45,30,0,0,2.05628275871277,31.2739683526446
-44.5,30,0,0,1.92184734344482,34.2138798409896
-44,30,0,0,1.82094931602478,36.4169896739851
-43.5,30,0,0,1.58907377719879,37.7722325680847
-43,30,1,0,1.39221000671387,38.339007698845
-42.5,30,1,0,1.3957724571228,38.2869376897575
-42,30,0,0,1.5709308385849,37.7462861529927
-41.5,30,0,0,1.68984222412109,36.7908063821181
-41,30,0,0,1.66317224502563,35.456658326882
-40.5,30,0,0,1.74854564666748,33.7648472013711
-40,30,0,0,1.65414249897003,31.7745393237976
-39.5,30,1,0,1.44184291362762,29.6228756690332
-39,30,1,0,1.40939271450043,27.4598116588124
-38.5,30,0,0,1.57875192165375,25.3158519227174
-38,30,0,0,1.76808571815491,23.203335774223
-37.5,30,0,0,1.83964991569519,21.2105440836986
-37,30,0,0,2.00824069976807,19.3248079574165
-36.5,30,0,0,2.1215386390686,17.5287929746114
-36,30,0,0,2.20773768424988,15.8082779103058
-35.5,30,0,0,2.21338438987732,14.025052898571
-35,30,0,0,2.22416996955872,12.0359321092817
-34.5,30,0,0,2.23868823051453,9.82031055705785
-34,30,0,0,2.23988556861877,7.50780478067367
-33.5,30,0,0,2.20628452301025,5.30300284042375
-33,30,0,0,2.15484118461609,3.42706531689524
-32.5,30,0,0,2.15817832946777,1.98585501616226
-32,30,0,0,2.15817832946777,1.02286310080384
-49,30.5,0,0,2.17260122299194,4.79077400930376
-48.5,30.5,0,0,2.1537618637085,7.61233060922156
-48,30.5,0,0,2.18357276916504,11.2006595452985
-47.5,30.5,0,0,2.23356080055237,15.342763352556
-47,30.5,0,0,2.31708145141602,19.887796439989
-46.5,30.5,0,0,2.2705602645874,24.6801495805454
-46,30.5,0,0,2.21109175682068,29.4192865086274
-45.5,30.5,0,0,2.11177349090576,33.7408916301164
-45,30.5,0,0,2.03002333641052,37.4661971987323
-44.5,30.5,0,0,1.93301427364349,40.4547303199416
-44,30.5,0,0,1.82510113716125,42.515371221564
-43.5,30.5,0,0,1.64006400108337,43.5898151653085
-43,30.5,1,0,1.39145052433014,43.7996076762801
-42.5,30.5,1,0,1.31412899494171,43.3672745580332
-42,30.5,0,0,1.41477656364441,42.4410910766881
-41.5,30.5,0,0,1.53933560848236,41.0781953732347
-41,30.5,0,0,1.60412001609802,39.342081655972
-40.5,30.5,0,0,1.654381275177,37.3019625002088
-40,30.5,0,0,1.50099122524261,35.0031007389739
-39.5,30.5,1,0,1.28443610668182,32.5590603489096
-39,30.5,1,0,1.2466276884079,30.171067595723
-38.5,30.5,0,0,1.50432312488556,27.8894619910787
-38,30.5,0,0,1.75498402118683,25.6935964314464
-37.5,30.5,0,0,1.90792286396027,23.6428140459332
-37,30.5,0,0,2.08323359489441,21.7470851204728
-36.5,30.5,0,0,2.20082259178162,19.9715583468668
-36,30.5,0,0,2.19761800765991,18.2112621064035
-35.5,30.5,0,0,2.17438769340515,16.3226862905808
-35,30.5,0,0,2.17671322822571,14.2141441081422
-34.5,30.5,0,0,2.23486590385437,11.8581131392176
-34,30.5,0,0,2.23583173751831,9.35512882393851
-33.5,30.5,0,0,2.21714806556702,6.90811343299502
-33,30.5,0,0,2.18409156799316,4.74274191330542
-32.5,30.5,0,0,2.14418935775757,2.95665142589294
-32,30.5,0,0,2.14418935775757,1.60550890741044
-49,31,0,0,2.08607006072998,6.51610359363471
-48.5,31,0,0,2.08831143379211,10.1887217849457
-48,31,0,0,2.15552592277527,14.6080764975434
-47.5,31,0,0,2.21899700164795,19.600850540562
-47,31,0,0,2.3093638420105,24.9738537459249
-46.5,31,0,0,2.26413178443909,30.4553513261127
-46,31,0,0,2.14347648620605,35.7181057042918
-45.5,31,2,1,2.06197929382324,40.4275185771584
-45,31,2,1,1.97125387191772,44.395683662428
-44.5,31,0,0,1.87549602985382,47.4868602770836
-44,31,0,0,1.86299645900726,49.5030943877288
-43.5,31,0,0,1.78593134880066,50.4018737020215
-43,31,0,0,1.65913069248199,50.3333589761727
-42.5,31,0,0,1.43165898323059,49.5074928014562
-42,31,1,0,1.27638220787048,48.0946942250989
-41.5,31,1,0,1.36887109279633,46.2034713799988
-41,31,0,0,1.5366393327713,43.9183911893952
-40.5,31,0,0,1.66235709190369,41.3516564614741
-40,31,0,0,1.46450364589691,38.6727284204904
-39.5,31,1,0,1.26201009750366,35.9846406473243
-39,31,1,0,1.2218109369278,33.3916766703795
-38.5,31,0,0,1.47921061515808,30.9646531764474
-38,31,0,0,1.78174638748169,28.6629670053151
-37.5,31,0,0,1.99305057525635,26.4995820065085
-37,31,0,0,2.13950514793396,24.5313270689114
-36.5,31,0,0,2.1816508769989,22.6820977671453
-36,31,0,0,2.15151619911194,20.7813535771419
-35.5,31,0,0,2.09925389289856,18.7406114557666
-35,31,0,0,2.11224126815796,16.5142699047699
-34.5,31,0,0,2.21002054214478,14.0600550270234
-34,31,0,0,2.23609495162964,11.4316328722871
-33.5,31,0,0,2.26560378074646,8.80961998201552
-33,31,0,0,2.23671460151672,6.40920706264787
-32.5,31,0,0,2.26101517677307,4.31811808137096
-32,31,0,0,2.26101517677307,2.60126519068458
-49,31.5,0,0,2.11068248748779,8.69892176245866
-48.5,31.5,0,0,2.12111449241638,13.1602517231616
-48,31.5,0,0,2.19581866264343,18.4024695135487
-47.5,31.5,0,0,2.27145290374756,24.2738264142688
-47,31.5,0,0,2.31847333908081,30.5011743627721
-46.5,31.5,0,0,2.24429178237915,36.7078200714737
-46,31.5,0,0,2.184415102005,42.5300608402969
-45.5,31.5,2,1,2.00913548469543,47.6720916251028
-45,31.5,2,1,1.82882463932037,51.9733085781275
-44.5,31.5,0,0,1.66411280632019,55.2734755545445
-44,31.5,0,0,1.62214863300323,57.3399714200919
-43.5,31.5,0,0,1.69073617458344,58.1520598667948
-43,31.5,0,0,1.59794187545776,57.9008937972729
-42.5,31.5,0,0,1.39239132404327,56.7645189588956
-42,31.5,1,0,1.18401873111725,54.8515454845765
-41.5,31.5,1,0,1.20468902587891,52.2950605417957
-41,31.5,0,0,1.4543559551239,49.2740319965149
-40.5,31.5,0,0,1.67442786693573,45.9996681120868
-40,31.5,0,0,1.62026965618134,42.7636935648922
-39.5,31.5,1,0,1.41371333599091,39.7773645906559
-39,31.5,1,0,1.35147833824158,37.0384579268659
-38.5,31.5,0,0,1.52895832061768,34.4548326331624
-38,31.5,0,0,1.84268474578857,32.0069284242923
-37.5,31.5,0,0,2.02349448204041,29.7258083337576
-37,31.5,0,0,2.15034437179565,27.6489640043356
-36.5,31.5,0,0,2.14521098136902,25.6445154865275
-36,31.5,0,0,2.14424014091492,23.5199012269191
-35.5,31.5,0,0,2.12916231155396,21.2618146979196
-35,31.5,0,0,2.15346598625183,18.8665517847082
-34.5,31.5,0,0,2.14753270149231,16.2934988245131
-34,31.5,0,0,2.20037817955017,13.5641542342207
-33.5,31.5,0,0,2.18944406509399,10.8127058408074
-33,31.5,0,0,2.21520709991455,8.22505996395418
-32.5,31.5,0,0,2.22725200653076,5.88658407484914
-32,31.5,0,0,2.22725200653076,3.87191499722231
-49,32,0,0,2.14254808425903,11.1058153038741
-48.5,32,0,0,2.11045694351196,16.3205976729041
-48,32,0,0,2.19177341461182,22.3835814004798
-47.5,32,0,0,2.23107743263245,29.1168006952037
-47,32,0,0,2.24684524536133,36.2006075095451
-46.5,32,0,0,2.24742126464844,43.222316276507
-46,32,0,0,2.18277883529663,49.7400447807995
-45.5,32,0,0,2.05952620506287,55.4296640030291
-45,32,0,0,1.70651233196259,60.1270267719111
-44.5,32,1,0,1.44415426254272,63.64589555476
-44,32,1,0,1.5293642282486,65.7801997779981
-43.5,32,1,0,1.73172998428345,66.5518450741691
-43,32,1,0,1.7147136926651,66.1651950018959
-42.5,32,1,0,1.41005802154541,64.7472707221608
-42,32,1,0,1.13621783256531,62.3323488415072
-41.5,32,1,0,1.13949608802795,59.0440491270093
-41,32,1,0,1.34257102012634,55.1601131263109
-40.5,32,0,0,1.63498032093048,51.0851556917135
-40,32,0,0,1.73174631595612,47.1943981697798
-39.5,32,0,0,1.64146745204926,43.7747206823697
-39,32,0,0,1.58698463439941,40.8358200721497
-38.5,32,0,0,1.70636785030365,38.1099077963388
-38,32,0,0,1.90058219432831,35.5285156282791
-37.5,32,0,0,2.0201997756958,33.1245694777944
-37,32,0,0,2.0629518032074,30.8754549573682
-36.5,32,0,0,2.12731862068176,28.6580099197046
-36,32,0,0,2.17762231826782,26.3018652666084
-35.5,32,0,0,2.20297813415527,23.8022909857729
-35,32,0,0,2.22483777999878,21.1881156994796
-34.5,32,0,0,2.22162532806396,18.4417149784756
-34,32,0,0,2.16890406608582,15.593003377242
-33.5,32,0,0,2.14570593833923,12.7538747816549
-33,32,0,0,2.16904878616333,10.0463562949881
-32.5,32,0,0,2.15869665145874,7.51963805708592
-32,32,0,0,2.15869665145874,5.25581805838141
-49,32.5,0,0,2.16469049453735,13.54734403159
-48.5,32.5,0,0,2.15228462219238,19.4925206743618
-48,32.5,0,0,2.19258069992065,26.3675619764559
-47.5,32.5,0,0,2.25259518623352,33.9545919856688
-47,32.5,0,0,2.31431651115417,41.912035940384
-46.5,32.5,0,0,2.27610015869141,49.7718902754596
-46,32.5,0,0,2.26251101493835,57.0547676146836
-45.5,32.5,0,0,2.03103709220886,63.3779963019137
-45,32.5,0,0,1.69114804267883,68.461108297558
-44.5,32.5,1,0,1.42384743690491,72.1731750967441
-44,32.5,1,0,1.48954355716705,74.4128682574111
-43.5,32.5,3,1,1.92814195156097,75.21214325451
-43,32.5,3,1,1.92040479183197,74.7485583930297
-42.5,32.5,1,0,1.50299882888794,73.0626655879185
-42,32.5,1,0,1.29034245014191,70.1412146496198
-41.5,32.5,1,0,1.28312695026398,66.121427735508
-41,32.5,1,0,1.46801030635834,61.3561062819827
-40.5,32.5,0,0,1.71002435684204,56.4229421581192
-40,32.5,0,0,1.88150465488434,51.8535302215533
-39.5,32.5,0,0,1.85600769519806,47.9427549092246
-39,32.5,0,0,1.92066764831543,44.6892711037621
-38.5,32.5,0,0,1.94602155685425,41.7923520576807
-38,32.5,2,1,2.20800805091858,39.0620383491022
-37.5,32.5,2,1,2.16690635681152,36.4921715812723
-37,32.5,0,0,2.21196913719177,34.0550263625588
-36.5,32.5,0,0,2.06816482543945,31.6090915014149
-36,32.5,0,0,2.20572781562805,29.0235845046475
-35.5,32.5,0,0,2.18987274169922,26.2843889718205
-35,32.5,0,0,2.20070576667786,23.4113051920519
-34.5,32.5,0,0,2.21927523612976,20.4527872566171
-34,32.5,0,0,2.2307391166687,17.4544369486284
-33.5,32.5,0,0,2.16262245178223,14.524781981789
-33,32.5,0,0,2.13706684112549,11.7282552167198
-32.5,32.5,0,0,2.13302898406982,9.04715504385275
-32,32.5,0,0,2.13302898406982,6.57627046781633
-49,33,0,0,2.2125608921051,15.8698609579718
-48.5,33,0,0,2.22025418281555,22.5306362327156
-48,33,0,0,2.26703834533691,30.2053013103667
-47.5,33,0,0,2.30898141860962,38.624294077459
-47,33,0,0,2.41203641891479,47.3788221359357
-46.5,33,0,0,2.46670150756836,55.9880993534121
-46,33,0,0,2.30178761482239,63.985818562506
-45.5,33,0,0,2.14586997032166,70.9050173752046
-45,33,0,0,1.88970971107483,76.411106507405
-44.5,33,0,0,1.76687598228455,80.4023088541565
-44,33,0,0,1.91331827640533,82.8090423965475
-43.5,33,2,1,2.17540502548218,83.6776489825579
-43,33,2,1,2.15101361274719,83.1426096475748
-42.5,33,0,0,1.92356705665588,81.1909875227706
-42,33,0,0,1.65418553352356,77.8015707913843
-41.5,33,0,0,1.60570585727692,73.1272520275512
-41,33,0,0,1.71394765377045,67.6061183484185
-40.5,33,0,0,1.82783222198486,61.9106191823258
-40,33,0,0,1.96911430358887,56.6875874391261
-39.5,33,0,0,1.99116170406342,52.261539380288
-39,33,0,0,2.07403564453125,48.5942074476603
-38.5,33,0,0,2.02973461151123,45.3691188671212
-38,33,2,1,2.21414637565613,42.3820693773324
-37.5,33,4,2,2.33348965644836,39.6510409483779
-37,33,2,1,2.25038003921509,37.104789558769
-36.5,33,0,0,2.13431429862976,34.510303017586
-36,33,0,0,2.19588923454285,31.7282655183616
-35.5,33,0,0,2.1853244304657,28.7716418349113
-35,33,0,0,2.16820788383484,25.6302695592731
-34.5,33,0,0,2.13566493988037,22.3921494546728
-34,33,0,0,2.21900463104248,19.1802319796847
-33.5,33,0,0,2.18868851661682,16.0984298503872
-33,33,0,0,2.1584906578064,13.1634096415711
-32.5,33,0,0,2.0632917881012,10.3341621865187
-32,33,0,0,2.0632917881012,7.71067432226117
-49,33.5,0,0,2.20145487785339,17.9500774351471
-48.5,33.5,0,0,2.25080561637878,25.296103219797
-48,33.5,0,0,2.30159044265747,33.7269023106384
-47.5,33.5,0,0,2.36074280738831,42.8620063786715
-47,33.5,0,0,2.53484630584717,52.2480161707711
-46.5,33.5,0,0,2.56402063369751,61.471350471846
-46,33.5,0,0,2.40678024291992,70.0550965674198
-45.5,33.5,0,0,2.15944957733154,77.4959062734381
-45,33.5,0,0,2.06819152832031,83.4772568875807
-44.5,33.5,0,0,2.12258005142212,87.8228525945801
-44,33.5,0,0,2.13160753250122,90.4374593571624
-43.5,33.5,0,0,2.17350935935974,91.3761186449178
-43,33.5,0,0,2.17606377601624,90.7410195763716
-42.5,33.5,0,0,2.1111900806427,88.5286850432805
-42,33.5,0,0,2.07400560379028,84.7409095591354
-41.5,33.5,0,0,2.00711464881897,79.5772938038423
-41,33.5,0,0,1.96860694885254,73.5140816593002
-40.5,33.5,0,0,1.960444688797,67.2293939700337
-40,33.5,0,0,2.08935356140137,61.3988307287924
-39.5,33.5,0,0,2.09598207473755,56.4119091651468
-39,33.5,0,0,2.16844391822815,52.2638721888349
-38.5,33.5,0,0,2.07239174842834,48.6357257047583
-38,33.5,0,0,2.29489684104919,45.3550656107868
-37.5,33.5,2,1,2.25069761276245,42.4820072621109
-37,33.5,2,1,2.38174510002136,39.8940345009707
-36.5,33.5,0,0,2.13086223602295,37.2372379006118
-36,33.5,0,0,2.18619298934937,34.3248860687435
-35.5,33.5,0,0,2.16429567337036,31.1973805625386
-35,33.5,0,0,2.16279101371765,27.8355421059323
-34.5,33.5,0,0,2.11738014221191,24.311166339099
-34,33.5,0,0,2.14784097671509,20.8292952629982
-33.5,33.5,0,0,2.19907164573669,17.525229715241
-33,33.5,0,0,2.16901087760925,14.3941199647237
-32.5,33.5,0,0,2.10540676116943,11.4041372140202
-32,33.5,0,0,2.10540676116943,8.63696796823504
-49,34,0,0,2.16460585594177,19.6867817416456
-48.5,34,0,0,2.22078204154968,27.6282150545967
-48,34,0,0,2.30024313926697,36.6982428227918
-47.5,34,0,0,2.44607067108154,46.3685365981743
-47,34,0,0,2.63178706169128,56.2081501856003
-46.5,34,0,0,2.81995964050293,65.8837038154151
-46,34,0,0,2.76114177703857,74.9200564644256
-45.5,34,2,1,2.72446608543396,82.821266371786
-45,34,2,1,2.56846237182617,89.2247799243771
-44.5,34,0,0,2.48983979225159,93.8855640942829
-44,34,0,0,2.3740496635437,96.6924720541676
-43.5,34,0,0,2.29615116119385,97.6734236662943
-43,34,0,0,2.21094846725464,96.9320721593291
-42.5,34,0,0,2.20061564445496,94.5075852664962
-42,34,0,0,2.18365573883057,90.450479157507
-41.5,34,0,0,2.11660814285278,84.9770016035106
-41,34,0,0,2.07511258125305,78.5365943421598
-40.5,34,0,0,2.0089864730835,71.7924775117401
-40,34,0,0,2.10699367523193,65.4180303647728
-39.5,34,0,0,2.17558002471924,59.9037129950558
-39,34,0,0,2.21446776390076,55.3436244447092
-38.5,34,0,0,2.07042288780212,51.4294663949876
-38,34,0,0,2.14846849441528,47.9430626360139
-37.5,34,0,0,2.18104839324951,44.9122512778232
-37,34,0,0,2.19947242736816,42.2587018394896
-36.5,34,0,0,2.1481466293335,39.5773066445772
-36,34,0,0,2.17065834999084,36.5939563885451
-35.5,34,0,0,2.16203188896179,33.3406288337716
-35,34,0,0,2.19028759002686,29.8256044243927
-34.5,34,0,0,2.14563393592834,26.1057332072584
-34,34,0,0,2.16766047477722,22.3732470999395
-33.5,34,0,0,2.13955783843994,18.8036907979301
-33,34,0,0,2.16993308067322,15.4455116454836
-32.5,34,0,0,2.13851380348206,12.3010301454222
-32,34,0,0,2.13851380348206,9.41226973338396
-49,34.5,0,0,2.21765923500061,20.979163937764
-48.5,34.5,0,0,2.24258518218994,29.3583146393972
-48,34.5,0,0,2.37981939315796,38.8683999563255
-47.5,34.5,0,0,2.59825778007507,48.9000498304077
-47,34.5,0,0,2.89589810371399,59.0438856625936
-46.5,34.5,0,0,3.10201787948608,69.026036853187
-46,34.5,0,0,3.32992935180664,78.3885930275891
-45.5,34.5,4,2,3.37114000320435,86.6203715976907
-45,34.5,4,2,3.08442401885986,93.3215641812389
-44.5,34.5,0,0,2.66621708869934,98.2278785773262
-44,34.5,0,0,2.31325364112854,101.209890938932
-43.5,34.5,0,0,2.2297248840332,102.220159352405
-43,34.5,0,0,2.18898057937622,101.378549903087
-42.5,34.5,0,0,2.15672659873962,98.8235346576642
-42,34.5,0,0,2.20447015762329,94.6301531526451
-41.5,34.5,0,0,2.20220875740051,88.9621351956631
-41,34.5,0,0,2.15795564651489,82.2545090835633
-40.5,34.5,0,0,2.10949873924255,75.1788185002523
-40,34.5,0,0,2.16197180747986,68.4027870167992
-39.5,34.5,0,0,2.21162676811218,62.4871891917925
-39,34.5,0,0,2.2242317199707,57.6389487017003
-38.5,34.5,0,0,2.15467524528503,53.5601995492868
-38,34.5,0,0,2.2283890247345,49.9528628602757
-37.5,34.5,0,0,2.22501230239868,46.7988091032978
-37,34.5,0,0,2.31338214874268,44.0523733511391
-36.5,34.5,0,0,2.18360018730164,41.3543263469448
-36,34.5,0,0,2.1563675403595,38.3527117903749
-35.5,34.5,2,1,2.29690861701965,35.0242246847761
-35,34.5,2,1,2.30974245071411,31.4293712509367
-34.5,34.5,0,0,2.3625328540802,27.5995040549233
-34,34.5,0,0,2.15574145317078,23.6785383256651
-33.5,34.5,0,0,2.13055896759033,19.867420670093
-33,34.5,0,0,2.11720824241638,16.2725481695831
-32.5,34.5,0,0,2.14492702484131,12.988476266225
-32,34.5,0,0,2.14492702484131,10.0479362845753
-49,35,0,0,2.20708632469177,21.7345437458936
-48.5,35,0,0,2.2807035446167,30.3571544862502
-48,35,0,0,2.39606547355652,40.1078654991706
-47.5,35,0,0,2.70959258079529,50.3665462423424
-47,35,0,0,3.10309457778931,60.7381719431414
-46.5,35,0,0,3.55617356300354,70.9187330462436
-46,35,0,0,3.98667883872986,80.4399869900776
-45.5,35,4,2,3.93857145309448,88.8343775733713
-45,35,4,2,3.36629891395569,95.7227608051949
-44.5,35,0,0,2.34783411026001,100.826566306303
-44,35,0,0,2.08642792701721,103.960917198331
-43.5,35,2,1,2.18378782272339,104.982547587269
-43,35,2,1,2.31853556632996,104.042878290568
-42.5,35,0,0,2.25340962409973,101.412011780489
-42,35,0,0,2.19547510147095,97.1588158000022
-41.5,35,0,0,2.15166568756104,91.3836437702699
-41,35,0,0,2.15016293525696,84.5241834343211
-40.5,35,0,0,2.10128259658813,77.2645543018941
-40,35,0,0,2.15542244911194,70.2705593086557
-39.5,35,0,0,2.16723227500916,64.114543661796
-39,35,0,0,2.16601467132568,59.0778000499177
-38.5,35,0,0,2.13295960426331,54.8776704125373
-38,35,0,0,2.17911171913147,51.1818533729025
-37.5,35,0,0,2.21730351448059,47.9772676035667
-37,35,0,0,2.28059220314026,45.1868967889119
-36.5,35,0,0,2.30127930641174,42.4643351033895
-36,35,0,0,2.18299293518066,39.4645798445531
-35.5,35,2,1,2.26884889602661,36.1309608302446
-35,35,4,2,2.42579197883606,32.5187835861127
-34.5,35,2,1,2.26579976081848,28.6363530461975
-34,35,0,0,2.10741233825684,24.5940893764756
-33.5,35,0,0,2.02655529975891,20.6142479769197
-33,35,0,0,2.01896047592163,16.8439136484938
-32.5,35,0,0,2.07802057266235,13.4455558460065
-32,35,0,0,2.07802057266235,10.4965791975667
-49,35.5,0,0,2.22760343551636,21.9458143161385
-48.5,35.5,0,0,2.26976895332336,30.6522735420334
-48,35.5,0,0,2.32865738868713,40.4653404637164
-47.5,35.5,0,0,2.5428421497345,50.8023333476511
-47,35.5,0,0,3.10375475883484,61.3020533949294
-46.5,35.5,0,0,3.61437702178955,71.5720434928569
-46,35.5,4,2,4.09918785095215,81.0976218802035
-45.5,35.5,6,3,3.84980893135071,89.5278054710935
-45,35.5,2,1,2.80883026123047,96.5239688057332
-44.5,35.5,1,0,1.84069716930389,101.771945684523
-44,35.5,1,0,1.83544707298279,105.024932017035
-43.5,35.5,3,1,2.10916566848755,106.085800496066
-43,35.5,3,1,2.25144100189209,105.109295385155
-42.5,35.5,0,0,2.11715722084045,102.414343869103
-42,35.5,0,0,2.12692141532898,98.1140651452811
-41.5,35.5,0,0,2.11165595054626,92.3056131496799
-41,35.5,0,0,2.11066484451294,85.4015656541039
-40.5,35.5,0,0,2.09701013565063,78.0947129224121
-40,35.5,0,0,2.07353043556213,71.0431224706464
-39.5,35.5,0,0,2.075847864151,64.8072725671528
-39,35.5,0,0,2.07151699066162,59.673141463466
-38.5,35.5,0,0,2.10949277877808,55.3549213336903
-38,35.5,0,0,2.18713593482971,51.5745022704391
-37.5,35.5,0,0,2.25316762924194,48.36004726334
-37,35.5,0,0,2.29323387145996,45.5857474313385
-36.5,35.5,0,0,2.26239371299744,42.8546345368118
-36,35.5,0,0,2.25231766700745,39.8682908526573
-35.5,35.5,0,0,2.32940292358398,36.5756035398887
-35,35.5,2,1,2.28898692131042,32.9837967005056
-34.5,35.5,2,1,2.34248805046082,29.0989163500452
-34,35.5,0,0,2.14866161346436,25.006830687681
-33.5,35.5,0,0,2.08770322799683,20.9492303746987
-33,35.5,0,0,2.06262898445129,17.1121895572308
-32.5,35.5,0,0,2.14972114562988,13.6725082806944
-32,35.5,0,0,2.14972114562988,10.7392875535135
-49,36,0,0,2.31398701667786,21.6987135848366
-48.5,36,0,0,2.2508716583252,30.3336656468176
-48,36,0,0,2.21051073074341,40.0005479634434
-47.5,36,0,0,2.36229372024536,50.2182366681205
-47,36,0,0,2.76068067550659,60.6596567159801
-46.5,36,0,0,3.41947841644287,70.8798133179925
-46,36,4,2,3.8662166595459,80.361265427726
-45.5,36,4,2,3.24954581260681,88.7920780642673
-45,36,1,0,2.17652869224548,95.8379356924772
-44.5,36,2,0,1.4513190984726,101.202482333892
-44,36,2,0,1.840740442276,104.635346845444
-43.5,36,2,0,2.12799143791199,105.901676659024
-43,36,1,0,2.15081977844238,105.04576888756
-42.5,36,0,0,1.92220437526703,102.325152317646
-42,36,0,0,1.93268167972565,97.9595399916721
-41.5,36,2,1,2.02521848678589,92.1212333234555
-41,36,2,1,2.18821859359741,85.2009623922207
-40.5,36,0,0,2.06691217422485,77.8923725622101
-40,36,2,1,2.07037281990051,70.8657769697289
-39.5,36,2,1,2.02398705482483,64.6600245498625
-39,36,2,1,2.03371548652649,59.4907032328277
-38.5,36,2,1,2.04799485206604,55.0845928657414
-38,36,0,0,2.14430332183838,51.2408352853322
-37.5,36,0,0,2.21551108360291,47.9860431822281
-37,36,0,0,2.22810077667236,45.2049233230063
-36.5,36,0,0,2.23628735542297,42.4875472440406
-36,36,0,0,2.23030734062195,39.5231712526715
-35.5,36,0,0,2.27355313301086,36.2786156530369
-35,36,0,0,2.19760799407959,32.7502624045392
-34.5,36,0,0,2.2291476726532,28.915473182105
-34,36,0,0,2.21016407012939,24.8548791735162
-33.5,36,0,0,2.17087507247925,20.8297700492111
-33,36,0,0,2.19269824028015,17.043445218895
-32.5,36,0,0,2.2586464881897,13.6661344081913
-32,36,0,0,2.2586464881897,10.7787696255592
-49,36.5,0,0,2.28966188430786,20.9981195841236
-48.5,36.5,0,0,2.26296186447144,29.4195637704121
-48,36.5,0,0,2.19079089164734,38.7528607985685
-47.5,36.5,0,0,2.20716238021851,48.6440565390918
-47,36.5,0,0,2.43715882301331,58.8333472499107
-46.5,36.5,0,0,2.81890726089478,68.9018164494072
-46,36.5,0,0,3.08687520027161,78.3443095372649
-45.5,36.5,0,0,2.38180565834045,86.7841682498518
-45,36.5,1,0,1.66934847831726,93.9124119559132
-44.5,36.5,1,0,1.27329480648041,99.4622524539564
-44,36.5,1,0,1.74372899532318,103.14249816524
-43.5,36.5,3,1,2.23255896568298,104.707458833069
-43,36.5,3,1,2.2134313583374,104.107239300784
-42.5,36.5,1,0,1.61386787891388,101.459149017213
-42,36.5,1,0,1.50912272930145,97.0465942514874
-41.5,36.5,3,1,1.90288329124451,91.1452825165387
-41,36.5,2,1,2.06878399848938,84.1757268071251
-40.5,36.5,0,0,2.12246990203857,76.8757062138636
-40,36.5,2,1,2.08392333984375,69.9329428647756
-39.5,36.5,2,1,2.07996773719788,63.8575091551388
-39,36.5,2,1,2.09288573265076,58.7294206136934
-38.5,36.5,2,1,2.12587308883667,54.2666048427143
-38,36.5,0,0,2.13669300079346,50.3376210572023
-37.5,36.5,0,0,2.19119071960449,46.9489679833739
-37,36.5,0,0,2.19910979270935,44.0570181264317
-36.5,36.5,0,0,2.19088697433472,41.3206476148942
-36,36.5,0,0,2.23385500907898,38.3844441705885
-35.5,36.5,0,0,2.25785112380981,35.2071832797955
-35,36.5,0,0,2.2492561340332,31.7909538735691
-34.5,36.5,0,0,2.23016929626465,28.0723134333081
-34,36.5,0,0,2.23496103286743,24.1410567042158
-33.5,36.5,0,0,2.27319598197937,20.2664491415068
-33,36.5,0,0,2.2883882522583,16.6504522604595
-32.5,36.5,0,0,2.29442238807678,13.4190564817185
-32,36.5,0,0,2.29442238807678,10.6045710273167
-49,37,0,0,2.20608448982239,19.7428981200196
-48.5,37,0,0,2.21350407600403,27.8574194664385
-48,37,0,0,2.2153058052063,36.7922464826911
-47.5,37,0,0,2.21134209632874,46.2381317822314
-47,37,0,0,2.23574900627136,56.0721985397016
-46.5,37,0,0,2.41350817680359,65.9471946118969
-46,37,0,0,2.33646392822266,75.3175545928552
-45.5,37,0,0,2.00300478935242,83.8033373138481
-45,37,1,0,1.55921983718872,91.093243801796
-44.5,37,1,0,1.35963821411133,96.8486831898699
-44,37,1,0,1.74094450473785,100.748804892385
-43.5,37,3,1,2.47111749649048,102.582331230787
-43,37,3,1,2.45437383651733,102.278486649833
-42.5,37,1,0,1.87282168865204,99.8109276707033
-42,37,1,0,1.50312268733978,95.3966895876515
-41.5,37,1,0,1.69485032558441,89.4277761009535
-41,37,0,0,2.0449070930481,82.4554433701782
-40.5,37,0,0,2.09447503089905,75.2665479214954
-40,37,0,0,2.12997055053711,68.540243309705
-39.5,37,0,0,2.07639002799988,62.6936319047506
-39,37,0,0,2.17021250724792,57.644877722441
-38.5,37,0,0,2.18962788581848,53.110053698276
-38,37,0,0,2.14678168296814,49.0187001756156
-37.5,37,0,0,2.17991280555725,45.4191638500416
-37,37,0,0,2.19437646865845,42.3187709803519
-36.5,37,0,0,2.25482511520386,39.4284928019933
-36,37,0,0,2.24169993400574,36.4667558281367
-35.5,37,0,0,2.26675891876221,33.3862014089409
-35,37,0,0,2.20835161209106,30.1403392073962
-34.5,37,0,0,2.18127822875977,26.6249541651767
-34,37,0,0,2.19520306587219,22.9288561260782
-33.5,37,0,0,2.24626636505127,19.3223828829464
-33,37,0,0,2.22265839576721,15.9657651017837
-32.5,37,0,0,2.25931453704834,12.9254152468458
-32,37,0,0,2.25931453704834,10.2028419158592
-49,37.5,0,0,2.11806511878967,17.9708853962241
-48.5,37.5,0,0,2.16961550712585,25.6696487607755
-48,37.5,0,0,2.22505354881287,34.2089215129085
-47.5,37.5,0,0,2.2220151424408,43.2835776681251
-47,37.5,0,0,2.22387409210205,52.8104489206218
-46.5,37.5,0,0,2.14651608467102,62.4738191921317
-46,37.5,0,0,2.02117133140564,71.7717988602145
-45.5,37.5,0,0,1.73289346694946,80.3186800763065
-45,37.5,2,0,1.55979526042938,87.6996613127898
-44.5,37.5,2,0,1.44887673854828,93.5247329536697
-44,37.5,2,0,1.6396449804306,97.5236341779771
-43.5,37.5,2,0,2.09204030036926,99.5397756517152
-43,37.5,0,0,2.29399371147156,99.477497333423
-42.5,37.5,0,0,2.01084589958191,97.2558772794899
-42,37.5,0,0,1.64775860309601,93.016135196339
-41.5,37.5,0,0,1.7758994102478,87.1633015210458
-41,37.5,0,0,1.94105553627014,80.3557011101791
-40.5,37.5,0,0,2.13100457191467,73.3929434497095
-40,37.5,0,0,2.11011838912964,66.9757293871523
-39.5,37.5,0,0,2.15034103393555,61.3768326638458
-39,37.5,0,0,2.1530933380127,56.3291890463109
-38.5,37.5,0,0,2.1860134601593,51.6561205250405
-38,37.5,0,0,2.1181116104126,47.3778793216678
-37.5,37.5,0,0,2.14747500419617,43.5599584294326
-37,37.5,0,0,2.20468187332153,40.1962638537032
-36.5,37.5,0,0,2.25218415260315,37.0314862243243
-36,37.5,0,0,2.240149974823,33.9537857353869
-35.5,37.5,0,0,2.2306113243103,30.968588998026
-35,37.5,0,0,2.16786003112793,27.9484350507877
-34.5,37.5,0,0,2.18541264533997,24.7274683313204
-34,37.5,0,0,2.22004914283752,21.3710124982863
-33.5,37.5,0,0,2.19758272171021,18.1062238965369
-33,37.5,0,0,2.23342800140381,15.030169210178
-32.5,37.5,0,0,2.21797728538513,12.1855045755116
-32,37.5,0,0,2.21797728538513,9.56070262237031
-49,38,0,0,2.10074710845947,15.9344796767234
-48.5,38,0,0,2.163241147995,23.0760348824544
-48,38,0,0,2.22475695610046,31.1600125141049
-47.5,38,0,0,2.22752070426941,39.9385164481737
-47,38,0,0,2.20026206970215,49.2268483578575
-46.5,38,0,0,2.12596726417542,58.7138966391211
-46,38,0,0,1.97262847423553,67.9634009641597
-45.5,38,0,0,1.72479093074799,76.4841894686176
-45,38,1,0,1.61851131916046,83.8021346307149
-44.5,38,1,0,1.58334708213806,89.5418057463913
-44,38,1,0,1.58612525463104,93.4793953310749
-43.5,38,1,0,1.79492676258087,95.528682783132
-43,38,0,0,1.97028410434723,95.6281673323952
-42.5,38,0,0,2.05736684799194,93.7318742673637
-42,38,2,1,1.93104565143585,89.9352288404286
-41.5,38,2,1,1.99668669700623,84.5281601614426
-41,38,0,0,2.0885226726532,78.1189662913688
-40.5,38,0,0,2.13148593902588,71.4829906028266
-40,38,0,0,2.14633083343506,65.3525094412975
-39.5,38,0,0,2.12788224220276,59.8675441789549
-39,38,0,0,2.1574125289917,54.6843507669903
-38.5,38,0,0,2.10500049591064,49.8164556662081
-38,38,2,1,2.03431558609009,45.3751070684676
-37.5,38,2,1,2.08524823188782,41.3823354982375
-37,38,0,0,2.14326977729797,37.7694976968427
-36.5,38,0,0,2.19065713882446,34.3751269301883
-36,38,0,0,2.20265507698059,31.2188843058808
-35.5,38,0,0,2.16570425033569,28.362021203013
-35,38,0,0,2.16206645965576,25.6037950359989
-34.5,38,0,0,2.18467402458191,22.7110263257025
-34,38,0,0,2.19591975212097,19.7385001080987
-33.5,38,0,0,2.1939971446991,16.8180416065702
-33,38,0,0,2.17513084411621,13.9938017206487
-32.5,38,0,0,2.21319246292114,11.2936857555272
-32,38,0,0,2.21319246292114,8.73320500436331
-49,38.5,0,0,2.17340922355652,13.8981163810688
-48.5,38.5,0,0,2.15927338600159,20.3621336916891
-48,38.5,0,0,2.1902027130127,27.8733475540019
-47.5,38.5,0,0,2.16959452629089,36.2498220740054
-47,38.5,0,0,2.15887713432312,45.2570602303839
-46.5,38.5,0,0,2.06573867797852,54.5838984827543
-46,38.5,0,0,1.94260311126709,63.7506437010283
-45.5,38.5,0,0,1.72682809829712,72.1483671108949
-45,38.5,0,0,1.65292906761169,79.3238589825492
-44.5,38.5,0,0,1.63729417324066,84.9283049260812
-44,38.5,0,0,1.55694270133972,88.7465201830764
-43.5,38.5,0,0,1.59213578701019,90.7600104583899
-43,38.5,0,0,1.68488883972168,90.9938154983911
-42.5,38.5,0,0,1.87941443920135,89.4536456133913
-42,38.5,2,1,1.92602264881134,86.1904474312986
-41.5,38.5,2,1,2.01828694343567,81.4184531264507
-41,38.5,0,0,2.09311509132385,75.6599593894629
-40.5,38.5,0,0,2.14141201972961,69.5543718023863
-40,38.5,0,0,2.11201310157776,63.6424483358453
-39.5,38.5,0,0,2.16313934326172,58.0428826551486
-39,38.5,0,0,2.14420628547668,52.647755545003
-38.5,38.5,0,0,2.1325740814209,47.6020436907449
-38,38.5,2,1,2.04712176322937,43.0384981725082
-37.5,38.5,2,1,2.08251237869263,38.9685686975005
-37,38.5,0,0,2.10343194007874,35.2427237253885
-36.5,38.5,0,0,2.14804911613464,31.7500422818518
-36,38.5,0,0,2.10386252403259,28.6181144276293
-35.5,38.5,2,1,2.05320262908936,25.9595823095675
-35,38.5,2,1,2.0643413066864,23.4748671691681
-34.5,38.5,0,0,2.13250207901001,20.85641149596
-34,38.5,0,0,2.15487504005432,18.2087707749889
-33.5,38.5,0,0,2.18552494049072,15.5883735376847
-33,38.5,0,0,2.14551401138306,12.976623248958
-32.5,38.5,0,0,2.12462377548218,10.3929548470471
-32,38.5,0,0,2.12462377548218,7.89385122821138
-49,39,0,0,2.28991413116455,12.0902225948597
-48.5,39,0,0,2.22434639930725,17.8054169928022
-48,39,0,0,2.2154324054718,24.6204565615649
-47.5,39,0,0,2.168940782547,32.4142029984222
-47,39,0,0,2.14069223403931,41.0121687422918
-46.5,39,0,0,2.05506229400635,50.0780585605976
-46,39,0,0,1.98640441894531,59.080682045881
-45.5,39,0,0,1.91129660606384,67.354317774775
-45,39,0,0,1.94077205657959,74.4113488558436
-44.5,39,0,0,1.89291501045227,79.9071052139679
-44,39,0,0,1.83353078365326,83.6321392395517
-43.5,39,0,0,1.72638344764709,85.6486691156489
-43,39,0,0,1.78535878658295,86.0342539972911
-42.5,39,0,0,1.87163805961609,84.7798566259165
-42,39,0,0,1.96661984920502,81.965792798116
-41.5,39,0,0,2.04622435569763,77.8085790591358
-41,39,0,0,2.0951840877533,72.7550458048326
-40.5,39,0,0,2.11852979660034,67.2863213349762
-40,39,0,0,2.09632992744446,61.6163832562472
-39.5,39,0,0,2.12020492553711,55.8811124406101
-39,39,0,0,2.11756873130798,50.3338097382274
-38.5,39,0,0,2.11284613609314,45.2091232755309
-38,39,0,0,2.12022995948792,40.6236847225398
-37.5,39,0,0,2.07369160652161,36.5779403418853
-37,39,0,0,2.0921106338501,32.8671492830814
-36.5,39,0,0,2.10306239128113,29.3778632960848
-36,39,0,0,2.07107734680176,26.3278151876116
-35.5,39,2,1,2.03639841079712,23.8605545547837
-35,39,2,1,2.05820155143738,21.6088168977036
-34.5,39,0,0,2.13504862785339,19.2213359447866
-34,39,0,0,2.21717643737793,16.7938821837179
-33.5,39,0,0,2.18648362159729,14.3895758487596
-33,39,0,0,2.14793753623962,11.9757503090621
-32.5,39,0,0,2.10350584983826,9.54238702145675
-32,39,0,0,2.10350584983826,7.17026909521771
-49,39.5,0,0,2.24283409118652,10.737245838273
-48.5,39.5,0,0,2.25851917266846,15.7152754257411
-48,39.5,0,0,2.24753880500793,21.7795326669338
-47.5,39.5,0,0,2.21286058425903,28.8724137094391
-47,39.5,0,0,2.18854022026062,36.9601283851128
-46.5,39.5,0,0,2.10306787490845,45.6792414335304
-46,39.5,0,0,2.07218527793884,54.4268593293303
-45.5,39.5,0,0,2.02125310897827,62.5358194517481
-45,39.5,0,0,2.00933408737183,69.4389733803483
-44.5,39.5,0,0,2.01868176460266,74.7782960259145
-44,39.5,0,0,1.94304811954498,78.3924588284276
-43.5,39.5,0,0,1.97414350509644,80.4160928619099
-43,39.5,0,0,1.94721460342407,80.9744106927052
-42.5,39.5,0,0,2.01071715354919,80.0188849576079
-42,39.5,0,0,1.98420321941376,77.6228354140909
-41.5,39.5,0,0,2.0550537109375,74.0071332039793
-41,39.5,0,0,2.10658764839172,69.5403881286919
-40.5,39.5,0,0,2.14058065414429,64.5342625181494
-40,39.5,0,0,2.12272238731384,59.0934966900464
-39.5,39.5,0,0,2.11918926239014,53.4414080181645
-39,39.5,0,0,2.09441423416138,47.9366921408624
-38.5,39.5,0,0,2.12444591522217,42.8551717700926
-38,39.5,0,0,2.10893940925598,38.3222754030371
-37.5,39.5,0,0,2.12504029273987,34.3201352123277
-37,39.5,0,0,2.07590842247009,30.6649415429611
-36.5,39.5,0,0,2.12264704704285,27.2568043706828
-36,39.5,0,0,2.11363339424133,24.3285483853535
-35.5,39.5,0,0,2.07970356941223,21.9995415536941
-35,39.5,0,0,2.06798386573792,19.9192198800346
-34.5,39.5,0,0,2.20936322212219,17.7532718904688
-34,39.5,0,0,2.24154710769653,15.4988065878787
-33.5,39.5,0,0,2.24940204620361,13.249196095718
-33,39.5,0,0,2.17827391624451,11.024668069292
-32.5,39.5,0,0,2.22300100326538,8.78098449592002
-32,39.5,0,0,2.22300100326538,6.61110304307561
-49,40,0,0,2.12371969223022,10.0430543061343
-48.5,40,0,0,2.12733602523804,14.4495982408052
-48,40,0,0,2.21417641639709,19.8536293241817
-47.5,40,0,0,2.15578508377075,26.3048213380171
-47,40,0,0,2.18837952613831,33.8762666438854
-46.5,40,0,0,2.1167209148407,42.1804488884522
-46,40,0,0,2.080979347229,50.5351906402098
-45.5,40,0,0,2.07066702842712,58.2945953627268
-45,40,0,0,2.07075715065002,64.9012684973623
-44.5,40,0,0,2.07740712165833,69.9901015733611
-44,40,0,0,2.12250995635986,73.4759466671737
-43.5,40,0,0,2.15023732185364,75.4857560319943
-43,40,0,0,2.25877714157104,76.1521150892247
-42.5,40,0,0,2.16438674926758,75.4750482590673
-42,40,2,1,2.11922097206116,73.4766019153595
-41.5,40,2,1,2.08274149894714,70.3306938963291
-41,40,0,0,2.13010692596436,66.3005184465541
-40.5,40,0,0,2.19038915634155,61.5426410944889
-40,40,0,0,2.17857027053833,56.2530346887996
-39.5,40,0,0,2.15361571311951,50.8341797147571
-39,40,0,0,2.1611533164978,45.5933380667737
-38.5,40,0,0,2.17217612266541,40.6766640057801
-38,40,0,0,2.13666009902954,36.189442547641
-37.5,40,0,0,2.05488705635071,32.168164344429
-37,40,0,0,2.07496690750122,28.5435492676579
-36.5,40,0,0,2.10808682441711,25.2784952686832
-36,40,0,0,2.13076901435852,22.5048106652147
-35.5,40,0,0,2.10753846168518,20.2945274502137
-35,40,0,0,2.11801242828369,18.3811295141116
-34.5,40,0,0,2.17283701896667,16.4309337442923
-34,40,0,0,2.22985649108887,14.3646731055256
-33.5,40,0,0,2.19644355773926,12.264569549158
-33,40,0,0,2.20988368988037,10.2034820444512
-32.5,40,0,0,2.24450373649597,8.18634963813481
-32,40,0,0,2.24450373649597,6.28620409406598
-49,40.5,0,0,2.01684379577637,10.1951292182095
-48.5,40.5,0,0,2.09011292457581,14.3073480126599
-48,40.5,0,0,2.09273600578308,19.2862015782214
-47.5,40.5,0,0,2.11715459823608,25.2745798582091
-47,40.5,0,0,2.10908389091492,32.3804096723134
-46.5,40.5,0,0,2.09919810295105,40.2043138083946
-46,40.5,2,1,2.067227602005,48.0746243576033
-45.5,40.5,2,1,2.04171562194824,55.3754307022943
-45,40.5,0,0,2.04836940765381,61.60501217594
-44.5,40.5,0,0,2.0591094493866,66.4426221352535
-44,40.5,0,0,2.10010099411011,69.8113974228167
-43.5,40.5,0,0,2.23615646362305,71.7428797493509
-43,40.5,0,0,2.2654755115509,72.3335043838744
-42.5,40.5,0,0,2.40146994590759,71.6958865717472
-42,40.5,2,1,2.2197847366333,69.8944727440581
-41.5,40.5,2,1,2.15858721733093,66.9916638842598
-41,40.5,0,0,2.1078040599823,63.1505881558441
-40.5,40.5,0,0,2.19704914093018,58.5888520351775
-40,40.5,0,0,2.21135592460632,53.5436402801343
-39.5,40.5,0,0,2.18296480178833,48.4076188226712
-39,40.5,0,0,2.18046927452087,43.4756517340372
-38.5,40.5,0,0,2.21126842498779,38.8077456149957
-38,40.5,0,0,2.14364671707153,34.426103138462
-37.5,40.5,0,0,2.07207727432251,30.3654884753852
-37,40.5,0,0,2.09171223640442,26.7228806096184
-36.5,40.5,0,0,2.1511025428772,23.5578423325431
-36,40.5,0,0,2.14346098899841,20.899926526874
-35.5,40.5,0,0,2.12775373458862,18.8091580195687
-35,40.5,0,0,2.09691309928894,17.0773510619819
-34.5,40.5,0,0,2.1268310546875,15.3408353163016
-34,40.5,0,0,2.122642993927,13.4685014398049
-33.5,40.5,0,0,2.14059782028198,11.5203684642726
-33,40.5,0,0,2.18269515037537,9.61624938513665
-32.5,40.5,0,0,2.21314120292664,7.834863565539
-32,40.5,0,0,2.21314120292664,6.20612921497331
-49,41,0,0,2.13293933868408,11.2835369009462
-48.5,41,0,0,2.09078788757324,15.3310712894258
-48,41,0,0,2.12154102325439,20.1716957903734
-47.5,41,0,0,2.08345890045166,25.9228248788744
-47,41,0,0,2.0918333530426,32.6969329651925
-46.5,41,0,0,2.05891370773315,40.1564422181659
-46,41,2,1,2.065274477005,47.6458131476043
-45.5,41,2,1,2.03059554100037,54.5466391526558
-45,41,0,0,2.01015090942383,60.404896044646
-44.5,41,0,0,2.01239204406738,64.9848575717243
-44,41,0,0,2.0593113899231,68.1592646047484
-43.5,41,0,0,2.10242462158203,69.8576084690586
-43,41,0,0,2.16495442390442,70.1927493336351
-42.5,41,0,0,2.23825526237488,69.3516632255922
-42,41,0,0,2.51914167404175,67.4523832603651
-41.5,41,2,1,2.33221745491028,64.5497423349321
-41,41,2,1,2.272136926651,60.7717527619488
-40.5,41,0,0,2.16814064979553,56.3674332679319
-40,41,0,0,2.23915147781372,51.5660572663139
-39.5,41,0,0,2.18207287788391,46.6833289152121
-39,41,0,0,2.16786956787109,41.947767968623
-38.5,41,0,0,2.11788725852966,37.4337169406274
-38,41,0,0,2.1278989315033,33.1681378390263
-37.5,41,0,0,2.03814744949341,29.1503646557678
-37,41,0,0,2.0554678440094,25.5298280914531
-36.5,41,0,0,2.11066222190857,22.3943796594931
-36,41,0,0,2.17534852027893,19.7959544504135
-35.5,41,0,0,2.13832116127014,17.796818828079
-35,41,0,0,2.12595796585083,16.1747916892611
-34.5,41,0,0,2.08004093170166,14.5812469058943
-34,41,0,0,2.11437439918518,12.8564401149056
-33.5,41,0,0,2.10116815567017,11.0407795507881
-33,41,0,0,2.17413115501404,9.28343361958342
-32.5,41,0,0,2.22643160820007,7.70781100758111
-32,41,0,0,2.22643160820007,6.2879209373954
-49,41.5,0,0,2.21897745132446,13.1011155990151
-48.5,41.5,0,0,2.19285440444946,17.3458850375652
-48,41.5,0,0,2.21672821044922,22.3593416423229
-47.5,41.5,0,0,2.19576501846313,28.2129466894036
-47,41.5,0,0,2.15247178077698,34.9487123337225
-46.5,41.5,0,0,2.07504868507385,42.2556526065767
-46,41.5,0,0,2.02537870407104,49.5322075758694
-45.5,41.5,0,0,1.93780124187469,56.1931600992185
-45,41.5,0,0,1.85875904560089,61.8079568378493
-44.5,41.5,0,0,1.84678423404694,66.1387851867321
-44,41.5,0,0,1.89689576625824,69.0546100060856
-43.5,41.5,2,1,1.97890889644623,70.4410403879017
-43,41.5,2,1,2.01129817962646,70.3600748321261
-42.5,41.5,0,0,2.10554361343384,69.0518494695852
-42,41.5,2,1,2.31003594398499,66.7507140243387
-41.5,41.5,4,2,2.54876232147217,63.6278812681164
-41,41.5,2,1,2.25136542320251,59.8015049103843
-40.5,41.5,0,0,2.1288754940033,55.4130883500194
-40,41.5,0,0,2.15748906135559,50.6889831591872
-39.5,41.5,0,0,2.14636254310608,45.936399399931
-39,41.5,0,0,2.0952467918396,41.2923878037522
-38.5,41.5,0,0,2.07055735588074,36.7693279643527
-38,41.5,0,0,2.10361218452454,32.4854439830126
-37.5,41.5,0,0,2.0510106086731,28.504580938264
-37,41.5,0,0,2.01931095123291,24.9312357496859
-36.5,41.5,0,0,2.08196663856506,21.8438259455855
-36,41.5,0,0,2.16460561752319,19.2824725764938
-35.5,41.5,0,0,2.14928889274597,17.3124569851405
-35,41.5,0,0,2.09037160873413,15.7098936694293
-34.5,41.5,0,0,2.09321188926697,14.1234285917554
-34,41.5,0,0,2.11314845085144,12.4426112454711
-33.5,41.5,0,0,2.09254598617554,10.7266235515064
-33,41.5,0,0,2.13849020004272,9.09619003424631
-32.5,41.5,0,0,2.1907856464386,7.67786341991798
-32,41.5,0,0,2.1907856464386,6.38898993025553
-49,42,0,0,2.1567645072937,15.3068982159349
-48.5,42,0,0,2.18611931800842,20.0782572809358
-48,42,0,0,2.20267271995544,25.6515988340808
-47.5,42,0,0,2.22587037086487,31.9929150496456
-47,42,0,0,2.13061356544495,39.0339585235307
-46.5,42,0,0,1.9959956407547,46.410331061524
-46,42,0,0,1.86602580547333,53.62809728933
-45.5,42,0,0,1.72405433654785,60.2069983944059
-45,42,0,0,1.63361370563507,65.699876825669
-44.5,42,0,0,1.53425467014313,69.8564593580003
-44,42,0,0,1.56487607955933,72.5455510436539
-43.5,42,2,1,1.671027302742,73.6254999565113
-43,42,2,1,1.75761270523071,73.0814265274654
-42.5,42,0,0,1.82226610183716,71.1534573922196
-42,42,2,1,2.10747814178467,68.206939295385
-41.5,42,2,1,2.20979785919189,64.5264902786076
-41,42,0,0,2.3270058631897,60.3337033364973
-40.5,42,0,0,2.11127042770386,55.7734656998404
-40,42,0,0,2.11967277526855,50.9944063610057
-39.5,42,0,0,2.05408048629761,46.2209921628525
-39,42,0,0,2.04755020141602,41.508805260109
-38.5,42,0,0,2.08664178848267,36.8519348473841
-38,42,0,0,2.13094019889832,32.4356172341194
-37.5,42,0,0,2.0853488445282,28.3944337986779
-37,42,0,0,2.02728700637817,24.8192316818025
-36.5,42,0,0,2.03886580467224,21.7342506831293
-36,42,0,0,2.11708569526672,19.1159938542033
-35.5,42,0,0,2.07961201667786,17.0623558320436
-35,42,0,0,2.05539488792419,15.4086896657705
-34.5,42,0,0,2.13009405136108,13.7760601381152
-34,42,0,0,2.14739179611206,12.0683570574338
-33.5,42,0,0,2.14079141616821,10.4085676362627
-33,42,0,0,2.13920736312866,8.90500187513437
-32.5,42,0,0,2.1607563495636,7.6103681536842
-32,42,0,0,2.1607563495636,6.39729899523087
-49,42.5,0,0,2.1728355884552,17.7592241227389
-48.5,42.5,0,0,2.16957807540894,23.3077729270519
-48,42.5,0,0,2.20821309089661,29.7084154042628
-47.5,42.5,0,0,2.1602680683136,36.7423739470035
-47,42.5,0,0,2.10435509681702,44.2767068056476
-46.5,42.5,0,0,1.88386404514313,51.9441375253908
-46,42.5,0,0,1.70649671554565,59.2728775842205
-45.5,42.5,0,0,1.55181515216827,65.8458975054584
-45,42.5,0,0,1.37296056747437,71.2513141112461
-44.5,42.5,1,0,1.25684654712677,75.2769739023915
-44,42.5,1,0,1.24346339702606,77.7787491724231
-43.5,42.5,1,0,1.31436145305634,78.5886381447783
-43,42.5,1,0,1.4292471408844,77.7001567823252
-42.5,42.5,0,0,1.55533087253571,75.2904037412919
-42,42.5,0,0,1.65830779075623,71.6772374715393
-41.5,42.5,0,0,1.8236643075943,67.263339230891
-41,42.5,0,0,1.95482754707336,62.4381500519382
-40.5,42.5,0,0,2.09728407859802,57.4708573066033
-40,42.5,0,0,2.06028699874878,52.4546748217691
-39.5,42.5,0,0,2.02578902244568,47.4278740813503
-39,42.5,2,1,2.02013325691223,42.405895382208
-38.5,42.5,2,1,2.07303261756897,37.4683971983508
-38,42.5,0,0,2.16753339767456,32.8410395027495
-37.5,42.5,0,0,2.15228176116943,28.6878571551741
-37,42.5,0,0,2.04987478256226,25.0528700938482
-36.5,42.5,0,0,2.03473424911499,21.8434999580327
-36,42.5,0,0,2.01501178741455,19.0586725547949
-35.5,42.5,0,0,2.015291929245,16.8297344826212
-35,42.5,0,0,2.04125285148621,15.0523319051074
-34.5,42.5,0,0,2.09302067756653,13.3884016157191
-34,42.5,0,0,2.18155550956726,11.6740213892754
-33.5,42.5,0,0,2.1257119178772,10.0470909535213
-33,42.5,0,0,2.15841460227966,8.64050320702214
-32.5,42.5,0,0,2.11686944961548,7.44191675172969
-32,42.5,0,0,2.11686944961548,6.29978729585821
-49,43,0,0,2.32306289672852,20.3846241627461
-48.5,43,0,0,2.26665592193604,26.8264227426439
-48,43,0,0,2.21995687484741,34.1196212801817
-47.5,43,0,0,2.14358973503113,41.9086914475132
-47,43,2,1,2.0375075340271,49.9600331711053
-46.5,43,2,1,1.8925929069519,57.9610093609019
-46,43,0,0,1.73959374427795,65.4815314129368
-45.5,43,0,0,1.58409357070923,72.0988726206538
-45,43,0,0,1.44171404838562,77.4604569736149
-44.5,43,1,0,1.29014790058136,81.395391861644
-44,43,1,0,1.23626434803009,83.7595992980293
-43.5,43,1,0,1.22117102146149,84.3852215030159
-43,43,1,0,1.28033411502838,83.2760034172765
-42.5,43,0,0,1.34241902828217,80.5420735896491
-42,43,0,0,1.45940577983856,76.4099909590258
-41.5,43,0,0,1.54888737201691,71.3013295979061
-41,43,0,0,1.72546243667603,65.6973673199041
-40.5,43,0,0,1.87246465682983,60.036495363292
-40,43,0,0,1.99394083023071,54.5039718488282
-39.5,43,0,0,1.9738597869873,48.9900884225734
-39,43,2,1,1.97391426563263,43.4901565335654
-38.5,43,2,1,2.04027771949768,38.1939567183908
-38,43,0,0,2.13141083717346,33.339020082113
-37.5,43,0,0,2.16773056983948,29.0648852619072
-37,43,0,0,2.1068434715271,25.3367062755508
-36.5,43,0,0,2.02823328971863,21.9869710577729
-36,43,0,0,1.97780478000641,19.0288320571296
-35.5,43,0,0,1.98398053646088,16.6195613270153
-35,43,0,0,1.98747372627258,14.6782147202056
-34.5,43,0,0,2.06030106544495,12.9572789603106
-34,43,0,0,2.0944128036499,11.2871815572086
-33.5,43,0,0,2.15701198577881,9.70125160942456
-33,43,0,0,2.1587450504303,8.31681336950709
-32.5,43,0,0,2.20917701721191,7.17273985481078
-32,43,0,0,2.20917701721191,6.12412491055
-49,43.5,0,0,2.34645342826843,23.0187100280785
-48.5,43.5,0,0,2.31451392173767,30.3099147976882
-48,43.5,0,0,2.26088356971741,38.4860591136889
-47.5,43.5,0,0,2.22603368759155,47.039509319064
-47,43.5,2,1,2.13290143013,55.5613046543373
-46.5,43.5,2,1,2.00149416923523,63.807839715255
-46,43.5,0,0,1.90482711791992,71.4996038615985
-45.5,43.5,0,0,1.76993548870087,78.2055952753736
-45,43.5,0,0,1.68716478347778,83.5642823392839
-44.5,43.5,0,0,1.63515079021454,87.4327062163376
-44,43.5,0,0,1.65590620040894,89.6788808744736
-43.5,43.5,0,0,1.60564005374908,90.1650730089192
-43,43.5,0,0,1.57823944091797,88.8823167013171
-42.5,43.5,0,0,1.49299967288971,85.8749163498522
-42,43.5,0,0,1.50375139713287,81.3263642724993
-41.5,43.5,0,0,1.50311636924744,75.6019963741245
-41,43.5,0,0,1.56556308269501,69.2108517385153
-40.5,43.5,0,0,1.75471973419189,62.7137608213168
-40,43.5,0,0,1.89653742313385,56.4710854988593
-39.5,43.5,0,0,2.00427603721619,50.383426361636
-39,43.5,0,0,2.00752091407776,44.3816948469077
-38.5,43.5,0,0,2.08368802070618,38.7330128881881
-38,43.5,0,0,2.1128568649292,33.6750021743638
-37.5,43.5,0,0,2.13959240913391,29.2935175566905
-37,43.5,0,0,2.12388730049133,25.5091967643223
-36.5,43.5,0,0,2.09056329727173,22.1087205379755
-36,43.5,0,0,2.01991271972656,19.0486789566193
-35.5,43.5,0,0,1.9989265203476,16.4811710160125
-35,43.5,0,0,2.02081751823425,14.369771265202
-34.5,43.5,2,1,2.02227067947388,12.5597257095334
-34,43.5,2,1,2.04418015480042,10.9132168079336
-33.5,43.5,0,0,2.06947612762451,9.34937642927493
-33,43.5,0,0,2.1556122303009,7.95336206865405
-32.5,43.5,0,0,2.20853090286255,6.84946197854714
-32,43.5,0,0,2.20853090286255,5.91264040350511
-49,44,0,0,2.22458910942078,25.4502883911188
-48.5,44,0,0,2.24827814102173,33.4797581547766
-48,44,0,0,2.29119157791138,42.4219646343728
-47.5,44,0,0,2.24872899055481,51.6078175418566
-47,44,0,0,2.29298138618469,60.5232503586421
-46.5,44,0,0,2.20646715164185,68.9548687926841
-46,44,0,0,2.14857244491577,76.7589970318144
-45.5,44,0,0,2.1242458820343,83.548018716721
-45,44,0,0,2.11416506767273,88.929979220739
-44.5,44,0,0,2.10350275039673,92.7316723099066
-44,44,0,0,2.28889727592468,94.8408670311214
-43.5,44,0,0,2.1844527721405,95.1741275062454
-43,44,0,0,2.14133906364441,93.6896908917465
-42.5,44,0,0,1.86808598041534,90.3970231496062
-42,44,0,0,1.86193454265594,85.4672417288581
-41.5,44,0,0,1.71345412731171,79.2465050962267
-41,44,0,0,1.77068865299225,72.2493718301922
-40.5,44,0,0,1.82330119609833,65.0704963311329
-40,44,0,0,1.95626509189606,58.1388327602078
-39.5,44,0,0,2.02912449836731,51.481621230934
-39,44,0,0,2.0713472366333,45.0413545508276
-38.5,44,0,0,2.1459813117981,39.0553538106484
-38,44,0,0,2.17209529876709,33.7998158284001
-37.5,44,0,0,2.15711259841919,29.3630689950022
-37,44,0,0,2.18429613113403,25.6079222927488
-36.5,44,0,0,2.1692111492157,22.2328033374047
-36,44,0,0,2.10194158554077,19.1466972067096
-35.5,44,0,0,2.04931998252869,16.4563035709376
-35,44,0,0,2.08135008811951,14.1624256879268
-34.5,44,2,1,2.05592131614685,12.2135192148461
-34,44,2,1,2.04508137702942,10.513394420957
-33.5,44,0,0,2.07862377166748,8.95591809660369
-33,44,0,0,2.14342999458313,7.58812277878205
-32.5,44,0,0,2.16955947875977,6.54230717413289
-32,44,0,0,2.16955947875977,5.71402574707851
-49,44.5,0,0,2.18376231193542,27.4951135278287
-48.5,44.5,0,0,2.21672797203064,36.1130643278853
-48,44.5,0,0,2.27764987945557,45.5947979000406
-47.5,44.5,0,0,2.34126925468445,55.2088360706035
-47,44.5,0,0,2.31012105941772,64.405768761835
-46.5,44.5,0,0,2.33194231987,72.9651912557283
-46,44.5,0,0,2.16090536117554,80.7797678185849
-45.5,44.5,0,0,2.07539081573486,87.5562917125627
-45,44.5,0,0,2.22276639938354,92.9282890563339
-44.5,44.5,0,0,2.25215125083923,96.6436549645497
-44,44.5,2,1,2.59328031539917,98.6113286760198
-43.5,44.5,4,2,2.64896178245544,98.7900112448112
-43,44.5,2,1,2.61999893188477,97.0993823647326
-42.5,44.5,0,0,2.20547318458557,93.5492748252815
-42,44.5,0,0,2.17485022544861,88.3160628761266
-41.5,44.5,0,0,1.99158382415771,81.7489571719088
-41,44.5,0,0,1.9782577753067,74.368666877814
-40.5,44.5,0,0,1.99843800067902,66.7352879190347
-40,44.5,0,0,2.02929091453552,59.2530696059328
-39.5,44.5,0,0,2.06680226325989,52.089308704979
-39,44.5,0,0,2.08804440498352,45.3067109944553
-38.5,44.5,0,0,2.15366053581238,39.0881771085846
-38,44.5,0,0,2.17213726043701,33.738200772846
-37.5,44.5,0,0,2.19357419013977,29.3674844320138
-37,44.5,0,0,2.19172644615173,25.7099865851165
-36.5,44.5,0,0,2.21434092521667,22.3877903698069
-36,44.5,0,0,2.15884733200073,19.299385266199
-35.5,44.5,0,0,2.15090560913086,16.4814165959591
-35,44.5,0,0,2.13752603530884,13.9703549611542
-34.5,44.5,0,0,2.13809537887573,11.8547461427998
-34,44.5,0,0,2.09543323516846,10.083369201021
-33.5,44.5,0,0,2.1452796459198,8.5543031345839
-33,44.5,0,0,2.14110970497131,7.27190383236539
-32.5,44.5,0,0,2.12208127975464,6.28581831403598
-32,44.5,0,0,2.12208127975464,5.50614110003836
-49,45,0,0,2.26606297492981,29.0051249460973
-48.5,45,0,0,2.26623964309692,38.0086111822422
-48,45,0,0,2.31912350654602,47.7755781218338
-47.5,45,0,0,2.38984394073486,57.6156184950654
-47,45,0,0,2.61065101623535,66.9454554246308
-46.5,45,2,1,2.68482732772827,75.5514984942687
-46,45,2,1,2.62579202651978,83.3007362227993
-45.5,45,0,0,2.39924716949463,89.9395412926504
-45,45,0,0,2.32666301727295,95.1856549653217
-44.5,45,0,0,2.43866419792175,98.7353960980685
-44,45,2,1,2.62317061424255,100.52489816953
-43.5,45,4,2,2.65978479385376,100.545039191543
-43,45,2,1,2.54358649253845,98.6843856354552
-42.5,45,0,0,2.31452631950378,94.957047022665
-42,45,0,0,2.34270477294922,89.5464471313679
-41.5,45,0,0,2.16572999954224,82.8049463816172
-41,45,2,1,2.12331175804138,75.2207725681193
-40.5,45,2,1,2.03870582580566,67.280809976861
-40,45,0,0,2.06682848930359,59.4058429513048
-39.5,45,0,0,2.06469058990479,51.8792727053565
-39,45,0,0,2.0798065662384,44.8918089883923
-38.5,45,0,0,2.12455129623413,38.6380485555436
-38,45,0,0,2.14262795448303,33.3836352743285
-37.5,45,0,0,2.20376515388489,29.1949462485311
-37,45,0,0,2.21894145011902,25.6876018793097
-36.5,45,0,0,2.22944283485413,22.4625130801551
-36,45,0,0,2.19749474525452,19.3707801843656
-35.5,45,0,0,2.17621660232544,16.4040246628966
-35,45,0,0,2.14966988563538,13.6999377473047
-34.5,45,0,0,2.16729998588562,11.460322298466
-34,45,0,0,2.16096067428589,9.64826319234763
-33.5,45,0,0,2.20090985298157,8.15403990148765
-33,45,0,0,2.19671583175659,6.95543437952472
-32.5,45,0,0,2.18162202835083,5.99439762676532
-32,45,0,0,2.18162202835083,5.20004793963627
-49,45.5,0,0,2.27865314483643,29.849734723887
-48.5,45.5,0,0,2.25775575637817,39.0220996793052
-48,45.5,0,0,2.25790882110596,48.8500912341286
-47.5,45.5,0,0,2.36542391777039,58.7050300587997
-47,45.5,0,0,2.75740075111389,68.0177006930248
-46.5,45.5,4,2,2.93440651893616,76.5623679226328
-46,45.5,4,2,2.81991052627563,84.1856983273688
-45.5,45.5,0,0,2.42831802368164,90.6271033137334
-45,45.5,0,0,2.16363072395325,95.6453687957083
-44.5,45.5,0,0,2.32831811904907,98.9475915727397
-44,45.5,0,0,2.58520579338074,100.491823419567
-43.5,45.5,0,0,2.32293033599854,100.305024794386
-43,45.5,0,0,2.25039649009705,98.2891665029018
-42.5,45.5,0,0,2.03420448303223,94.4583580665144
-42,45.5,0,0,2.25778818130493,88.9946853689921
-41.5,45.5,0,0,2.09210014343262,82.2199480188869
-41,45.5,2,1,2.0617094039917,74.5647209995186
-40.5,45.5,2,1,2.00484275817871,66.4774263248962
-40,45.5,0,0,2.04674553871155,58.4103745852224
-39.5,45.5,0,0,2.10144305229187,50.7221438503996
-39,45.5,0,0,2.08104228973389,43.7121061234038
-38.5,45.5,0,0,2.09523916244507,37.6071265870374
-38,45.5,0,0,2.08544611930847,32.547247184336
-37.5,45.5,0,0,2.12322664260864,28.5638420809772
-37,45.5,0,0,2.18361568450928,25.2780847342405
-36.5,45.5,0,0,2.19911909103394,22.1972982673539
-36,45.5,0,0,2.17128086090088,19.0981868257887
-35.5,45.5,0,0,2.15650200843811,16.0312541275928
-35,45.5,0,0,2.14107012748718,13.2260542074771
-34.5,45.5,0,0,2.1558620929718,10.9273749270212
-34,45.5,0,0,2.1749484539032,9.10841792900607
-33.5,45.5,0,0,2.18323349952698,7.6559405377935
-33,45.5,0,0,2.210209608078,6.51678571085801
-32.5,45.5,0,0,2.23146653175354,5.56260727150796
-32,45.5,0,0,2.23146653175354,4.75681338748541
-49,46,0,0,2.31774640083313,29.9524431229338
-48.5,46,0,0,2.227778673172,39.0816425561507
-48,46,0,0,2.21452641487122,48.7873988104864
-47.5,46,0,0,2.23151826858521,58.4639314145175
-47,46,2,1,2.58452606201172,67.5990427571512
-46.5,46,4,2,2.88237929344177,75.9604187785232
-46,46,2,1,2.69575619697571,83.3714407537115
-45.5,46,0,0,2.39599180221558,89.5822927992341
-45,46,0,0,2.15226459503174,94.3407824997163
-44.5,46,1,0,2.21113085746765,97.3772964688717
-44,46,3,1,2.39679169654846,98.6532524069622
-43.5,46,3,1,2.31315612792969,98.2218359773524
-43,46,1,0,1.92721164226532,96.0554813564457
-42.5,46,0,0,1.87341046333313,92.1745982426159
-42,46,0,0,2.01743125915527,86.7298548844596
-41.5,46,0,0,2.00499629974365,80.0059751106658
-41,46,0,0,2.01473069190979,72.4070680875832
-40.5,46,0,0,1.98229622840881,64.3746040310382
-40,46,0,0,2.04489421844482,56.3593215494769
-39.5,46,0,0,2.07218670845032,48.7379594046727
-39,46,0,0,2.09609580039978,41.8853478376618
-38.5,46,2,1,2.06997299194336,36.0221052672571
-38,46,2,1,2.05749821662903,31.1793262902278
-37.5,46,0,0,2.09399342536926,27.4280322749707
-37,46,0,0,2.09643125534058,24.3825339428363
-36.5,46,0,0,2.11894202232361,21.4046186327789
-36,46,0,0,2.06836748123169,18.299353911997
-35.5,46,0,0,2.07608103752136,15.2159601055016
-35,46,0,0,2.05885791778564,12.408408598486
-34.5,46,0,0,2.10590887069702,10.1316383656575
-34,46,0,0,2.10340142250061,8.36457314824413
-33.5,46,0,0,2.13622093200684,6.99402368359182
-33,46,0,0,2.1411714553833,5.91773422774229
-32.5,46,0,0,2.19855308532715,4.97976703641699
-32,46,0,0,2.19855308532715,4.19000323277211
-49,46.5,0,0,2.28183078765869,29.2461524829019
-48.5,46.5,0,0,2.25880360603333,38.1657924776522
-48,46.5,0,0,2.18265843391418,47.6082307664245
-47.5,46.5,0,0,2.11538052558899,56.9708252719497
-47,46.5,2,1,2.31029963493347,65.7724877595242
-46.5,46.5,2,1,2.44761681556702,73.8142885743068
-46,46.5,0,0,2.59037709236145,80.9218728954013
-45.5,46.5,2,1,2.81359457969666,86.8423831157564
-45,46.5,2,1,2.4664843082428,91.3321065882728
-44.5,46.5,1,0,2.33536815643311,94.128342945356
-44,46.5,3,1,2.20199346542358,95.1803650893581
-43.5,46.5,3,1,2.2561469078064,94.5409123760785
-43,46.5,1,0,2.03249454498291,92.2338988012711
-42.5,46.5,0,0,1.79595184326172,88.3135870283799
-42,46.5,0,0,1.88456249237061,82.9192115734554
-41.5,46.5,0,0,1.85252487659454,76.3371466813447
-41,46.5,2,1,1.95301401615143,68.9364385664101
-40.5,46.5,2,1,1.96987545490265,61.1503275364776
-40,46.5,2,1,1.98917281627655,53.4141391304808
-39.5,46.5,2,1,2.03164863586426,46.0573615195735
-39,46.5,0,0,2.01938390731812,39.4746126467771
-38.5,46.5,2,1,2.02975058555603,33.8928841257685
-38,46.5,2,1,2.04579663276672,29.3391828514334
-37.5,46.5,0,0,2.07572674751282,25.8556125182905
-37,46.5,0,0,2.08647751808167,22.9709521386287
-36.5,46.5,0,0,2.03213572502136,20.0468146689892
-36,46.5,0,0,2.01724028587341,16.9815269255062
-35.5,46.5,0,0,1.98566854000092,13.966329139109
-35,46.5,0,0,2.03076171875,11.2551926949908
-34.5,46.5,0,0,2.06308889389038,9.09290545473123
-34,46.5,0,0,2.11437630653381,7.45133116668482
-33.5,46.5,0,0,2.1504180431366,6.18864031567427
-33,46.5,0,0,2.2121844291687,5.16918562703127
-32.5,46.5,0,0,2.20473480224609,4.26704120359184
-32,46.5,0,0,2.20473480224609,3.52430913794571
-49,47,0,0,2.33678984642029,27.6632311215256
-48.5,47,0,0,2.25259470939636,36.2302662973936
-48,47,0,0,2.20020723342896,45.2972746046787
-47.5,47,0,0,2.11250352859497,54.2707998906517
-47,47,0,0,2.14814138412476,62.6694036583129
-46.5,47,0,0,2.3471667766571,70.2868228407808
-46,47,0,0,2.69880390167236,76.9907093106288
-45.5,47,4,2,3.2336745262146,82.5640620052803
-45,47,6,2,3.11228537559509,86.7587404788292
-44.5,47,2,0,2.74391913414001,89.3130580561545
-44,47,2,0,2.44428586959839,90.1808728769434
-43.5,47,2,0,2.59152173995972,89.3897970205994
-43,47,0,0,2.42900514602661,86.959164324867
-42.5,47,0,0,2.07809567451477,83.0122560270689
-42,47,0,0,1.99290490150452,77.7430584100544
-41.5,47,0,0,1.85476016998291,71.4103783735036
-41,47,2,1,1.91404819488525,64.3366237816622
-40.5,47,2,1,1.94323575496674,56.9803383834974
-40,47,2,1,1.97067701816559,49.7283036822707
-39.5,47,2,1,1.98891592025757,42.7829742988031
-39,47,0,0,2.00857329368591,36.5430567466988
-38.5,47,0,0,1.99269652366638,31.3064762172431
-38,47,0,0,2.03743100166321,27.0783229942967
-37.5,47,0,0,2.06595063209534,23.8144580743772
-37,47,0,0,2.11678338050842,21.0326991815593
-36.5,47,0,0,2.07691979408264,18.1841261539
-36,47,0,0,2.00571846961975,15.2293629947141
-35.5,47,0,0,1.96103644371033,12.3670183568128
-35,47,0,0,1.99768793582916,9.85105839321594
-34.5,47,0,0,2.09001994132996,7.89192309517913
-34,47,0,0,2.11776614189148,6.41535592558719
-33.5,47,0,0,2.21464729309082,5.25290597578679
-33,47,0,0,2.25244688987732,4.29365197987282
-32.5,47,0,0,2.29137063026428,3.45970357653158
-32,47,0,0,2.29137063026428,2.79500490650529
-49,47.5,0,0,2.26498174667358,25.2497050090148
-48.5,47.5,0,0,2.19357514381409,33.2996244765875
-48,47.5,0,0,2.13949608802795,41.8532230074877
-47.5,47.5,0,0,2.10885524749756,50.3485141733536
-47,47.5,0,0,2.1570725440979,58.294001678604
-46.5,47.5,0,0,2.40296840667725,65.4396912134894
-46,47.5,0,0,2.60113286972046,71.6725953409458
-45.5,47.5,2,1,3.24787044525146,76.841593178121
-45,47.5,4,1,3.19632172584534,80.7106118584916
-44.5,47.5,2,0,2.93984317779541,83.0195860853787
-44,47.5,4,1,2.61679601669312,83.7142660432328
-43.5,47.5,4,1,2.7010452747345,82.8277169829591
-43,47.5,0,0,2.527099609375,80.3848571914641
-42.5,47.5,0,0,2.33054995536804,76.5283044678158
-42,47.5,0,0,2.17066597938538,71.4814932676728
-41.5,47.5,0,0,1.99263775348663,65.4837765622305
-41,47.5,0,0,1.91214668750763,58.8707365554864
-40.5,47.5,0,0,1.9533759355545,52.1076297358481
-40,47.5,0,0,1.96932935714722,45.45128363929
-39.5,47.5,0,0,2.00445556640625,39.0033971065879
-39,47.5,0,0,2.00123763084412,33.1725572985795
-38.5,47.5,0,0,2.0224494934082,28.2928364843032
-38,47.5,0,0,2.00737500190735,24.3691835286865
-37.5,47.5,0,0,2.07010793685913,21.3129237116668
-37,47.5,0,0,2.13963913917542,18.6611677068989
-36.5,47.5,0,0,2.1765923500061,15.943538780108
-36,47.5,0,0,2.09405469894409,13.1698478122172
-35.5,47.5,0,0,2.01180243492126,10.5450134512097
-35,47.5,0,0,2.07068419456482,8.3153533143575
-34.5,47.5,0,0,2.13017559051514,6.60497539666823
-34,47.5,0,0,2.16035938262939,5.27730740047673
-33.5,47.5,0,0,2.18593835830688,4.21119400274821
-33,47.5,0,0,2.25642466545105,3.33996764677882
-32.5,47.5,0,0,2.29481673240662,2.6071374801349
-32,47.5,0,0,2.29481673240662,2.04794648299962
-49,48,0,0,2.17340016365051,22.166494569376
-48.5,48,0,0,2.13454151153564,29.5433985474894
-48,48,0,0,2.09867787361145,37.4279248321948
-47.5,48,0,0,2.07935810089111,45.3155272317172
-47,48,0,0,2.14018726348877,52.7118414840039
-46.5,48,0,0,2.18877935409546,59.3283268648299
-46,48,0,0,2.27689003944397,65.0396965252184
-45.5,48,0,0,2.68657422065735,69.7459419280026
-45,48,0,0,2.72806358337402,73.2693558449079
-44.5,48,0,0,2.76604509353638,75.3578788473957
-44,48,2,1,2.51882433891296,75.9271418006841
-43.5,48,2,1,2.64085173606873,75.0407944198744
-43,48,0,0,2.51546406745911,72.7547411058217
-42.5,48,0,0,2.43554091453552,69.1551086523122
-42,48,0,0,2.29914212226868,64.4180853260713
-41.5,48,0,0,2.18215823173523,58.8276491272333
-41,48,0,0,2.05122685432434,52.7819700010882
-40.5,48,0,0,2.03047347068787,46.6661937064455
-40,48,0,0,2.02331399917603,40.5881696258527
-39.5,48,0,0,2.04202342033386,34.6729219591627
-39,48,0,0,2.03537344932556,29.3419580770186
-38.5,48,0,0,2.01573920249939,24.8834233182701
-38,48,0,0,2.01738667488098,21.3158142328623
-37.5,48,0,0,2.06242847442627,18.5097082593506
-37,48,0,0,2.12840127944946,16.0258651564973
-36.5,48,0,0,2.14494609832764,13.4943668044086
-36,48,0,0,2.11513662338257,10.9722956348112
-35.5,48,0,0,2.07773995399475,8.66188256585152
-35,48,0,0,2.03682780265808,6.74784316719204
-34.5,48,0,0,2.13114833831787,5.2571268977131
-34,48,0,0,2.11951780319214,4.06620345881431
-33.5,48,0,0,2.15032911300659,3.12205884227637
-33,48,0,0,2.21992802619934,2.37162547404759
-32.5,48,0,0,2.2822322845459,1.77283052852659
-32,48,0,0,2.2822322845459,1.33956672085368
-49,48.5,0,0,2.09146237373352,18.6275354889219
-48.5,48.5,0,0,2.07750105857849,25.2088745781955
-48,48.5,0,0,2.09074687957764,32.286146502917
-47.5,48.5,0,0,2.08712911605835,39.4371565006081
-47,48.5,0,0,2.10569548606873,46.1958332768165
-46.5,48.5,0,0,2.17254757881165,52.2283541485723
-46,48.5,0,0,2.26420736312866,57.3680348680487
-45.5,48.5,0,0,2.51177668571472,61.5502573457443
-45,48.5,0,0,2.48911023139954,64.6807852239854
-44.5,48.5,0,0,2.37828731536865,66.5512744362428
-44,48.5,0,0,2.21349096298218,67.0403488543018
-43.5,48.5,0,0,2.20849466323853,66.2093567571124
-43,48.5,0,0,2.22996997833252,64.1320009021064
-42.5,48.5,0,0,2.26164698600769,60.8594565115868
-42,48.5,0,0,2.2843701839447,56.5475362535685
-41.5,48.5,0,0,2.20329976081848,51.4951066085796
-41,48.5,0,0,2.17636466026306,46.1041424315286
-40.5,48.5,0,0,2.15336656570435,40.6231388255822
-40,48.5,0,0,2.11515426635742,35.1080403571867
-39.5,48.5,0,0,2.11078333854675,29.809415228093
-39,48.5,0,0,2.07754731178284,25.1459827326769
-38.5,48.5,0,0,2.07641911506653,21.285234518195
-38,48.5,0,0,2.07982301712036,18.153456494169
-37.5,48.5,0,0,2.15327262878418,15.6214373501655
-37,48.5,0,0,2.11970663070679,13.3405701012135
-36.5,48.5,0,0,2.13812398910522,11.0419371743019
-36,48.5,0,0,2.10393786430359,8.8118542297312
-35.5,48.5,0,0,2.11120390892029,6.82550338105062
-35,48.5,0,0,2.09884333610535,5.18824460439667
-34.5,48.5,0,0,2.06813406944275,3.88575794373426
-34,48.5,0,0,2.10043668746948,2.85779918797187
-33.5,48.5,0,0,2.15976524353027,2.0701523905955
-33,48.5,0,0,2.22140765190125,1.46622782937705
-32.5,48.5,0,0,2.30817127227783,1.0280849124307
-32,48.5,0,0,2.30817127227783,0.730585669741812
-49,49,0,0,2.13989424705505,14.8896924255972
-48.5,49,0,0,2.12987804412842,20.5912402789046
-48,49,0,0,2.13570618629456,26.7666997854661
-47.5,49,0,0,2.12840795516968,33.0574464942796
-47,49,0,0,2.14702463150024,39.0772475366738
-46.5,49,0,0,2.17378401756287,44.4747421977239
-46,49,0,0,2.2213408946991,49.0402862503165
-45.5,49,0,0,2.28249001502991,52.6804304603847
-45,49,0,0,2.20998978614807,55.3663917703711
-44.5,49,0,0,2.26514005661011,56.9874948347702
-44,49,0,0,2.17505860328674,57.3820747489098
-43.5,49,0,0,2.23163914680481,56.5697384781168
-43,49,0,0,2.13353514671326,54.6476703025086
-42.5,49,0,0,2.19626426696777,51.6995663933548
-42,49,0,0,2.13380527496338,47.8980967152769
-41.5,49,0,0,2.15653276443481,43.5259117619057
-41,49,0,0,2.13560891151428,38.882326739639
-40.5,49,0,0,2.17944431304932,34.0737828735313
-40,49,0,0,2.16743421554565,29.2183614142271
-39.5,49,0,0,2.13139224052429,24.70611580178
-39,49,0,0,2.11645197868347,20.867627658007
-38.5,49,0,0,2.08409857749939,17.7042704119674
-38,49,0,0,2.12416577339172,15.0762208586106
-37.5,49,0,0,2.15524339675903,12.8565704474431
-37,49,0,0,2.17116117477417,10.7861015334077
-36.5,49,0,0,2.14266180992126,8.71964823437759
-36,49,0,0,2.09997010231018,6.77727613678222
-35.5,49,0,0,2.15175533294678,5.08003726068568
-35,49,0,0,2.10099267959595,3.69005221164583
-34.5,49,0,0,2.09828686714172,2.59207510045244
-34,49,0,0,2.04591274261475,1.75867058217251
-33.5,49,0,0,2.12017965316772,1.15146850087897
-33,49,0,0,2.19512891769409,0.715486601864794
-32.5,49,0,0,2.21567344665527,0.447049391148465
-32,49,0,0,2.21567344665527,0.28104256756562
-49,49.5,0,0,2.22466945648193,11.1656870557776
-48.5,49.5,0,0,2.19378852844238,15.9424207466973
-48,49.5,0,0,2.13024950027466,21.202749005238
-47.5,49.5,0,0,2.06470441818237,26.5900125971883
-47,49.5,0,0,2.11136531829834,31.7762215403647
-46.5,49.5,0,0,2.14346218109131,36.4580165386508
-46,49.5,0,0,2.11668682098389,40.4232202873118
-45.5,49.5,0,0,2.11118388175964,43.5323106935584
-45,49.5,0,0,2.05405426025391,45.7411948568677
-44.5,49.5,0,0,2.11520290374756,47.0307854296203
-44,49.5,0,0,2.12372326850891,47.2780135475763
-43.5,49.5,0,0,2.11319923400879,46.4440285537776
-43,49.5,0,0,2.12993836402893,44.6494416221684
-42.5,49.5,0,0,2.13386750221252,42.046709865786
-42,49.5,0,0,2.13524651527405,38.8125160397318
-41.5,49.5,0,0,2.121910572052,35.1861472994222
-41,49.5,0,0,2.17707467079163,31.3056161116504
-40.5,49.5,0,0,2.17983222007751,27.2300125453253
-40,49.5,0,0,2.20265364646912,23.2102566731449
-39.5,49.5,0,0,2.2101845741272,19.6349154685606
-39,49.5,0,0,2.1676197052002,16.6576270044654
-38.5,49.5,0,0,2.15251588821411,14.1718975703774
-38,49.5,0,0,2.11646366119385,12.0794152561615
-37.5,49.5,0,0,2.17105317115784,10.2312950633672
-37,49.5,0,0,2.15003705024719,8.41213568069349
-36.5,49.5,0,0,2.21403002738953,6.60691945549306
-36,49.5,0,0,2.18972444534302,4.94803086965589
-35.5,49.5,0,0,2.21578621864319,3.52035238373851
-35,49.5,0,0,2.22688007354736,2.37673484195728
-34.5,49.5,0,0,2.19244194030762,1.50666521276737
-34,49.5,0,0,2.08005118370056,0.88529496491635
-33.5,49.5,0,0,2.04790759086609,0.46837497522729
-33,49.5,0,0,2.10623025894165,0.217477088764455
-32.5,49.5,0,0,2.13149428367615,0.106825548801863
-32,49.5,0,0,2.13149428367615,0.0518375686201566
-49,50,0,0,2.29804825782776,7.63570277021014
-48.5,50,0,0,2.27657651901245,11.4447987528662
-48,50,0,0,2.13440012931824,15.7702741171082
-47.5,50,0,0,2.10298776626587,20.279237974086
-47,50,0,0,2.08669185638428,24.6374300951581
-46.5,50,0,0,2.16966795921326,28.5651902672163
-46,50,0,0,2.14776992797852,31.866370619754
-45.5,50,0,0,2.12689185142517,34.4204477381253
-45,50,0,0,2.10433959960938,36.1489821437814
-44.5,50,0,0,2.12212109565735,37.0454918459522
-44,50,0,0,2.11667561531067,37.1006787681531
-43.5,50,0,0,2.16001796722412,36.2770361025991
-43,50,0,0,2.13983845710754,34.6610531312187
-42.5,50,0,0,2.16426587104797,32.4510363871259
-42,50,0,0,2.11213445663452,29.8356316095357
-41.5,50,0,0,2.12497282028198,26.927401002767
-41,50,0,0,2.19933152198792,23.7641325514964
-40.5,50,0,0,2.23431873321533,20.4893371632237
-40,50,0,0,2.25480365753174,17.4113015769974
-39.5,50,0,0,2.2331337928772,14.7687367632203
-39,50,0,0,2.26752328872681,12.5718054320957
-38.5,50,0,0,2.15789532661438,10.7157508012337
-38,50,0,0,2.13917255401611,9.13879841054917
-37.5,50,0,0,2.1140604019165,7.68445290411911
-37,50,0,0,2.19776034355164,6.20408847538673
-36.5,50,0,0,2.18894386291504,4.74443758801222
-36,50,0,0,2.17507863044739,3.40003940372784
-35.5,50,0,0,2.18732523918152,2.26616689214573
-35,50,0,0,2.23061537742615,1.38882698829507
-34.5,50,0,0,2.25031304359436,0.759598569058299
-34,50,0,0,2.18816471099854,0.35010572283309
-33.5,50,0,0,2.13352799415588,0.115452784559678
-33,50,0,0,2.10663628578186,0.0219141269530033
-32.5,50,0,0,2.16645836830139,0.00333157920863534
-32,50,0,0,2.16645836830139,0
-49,50.5,0,0,2.30979061126709,4.5700498629731
-48.5,50.5,0,0,2.23932909965515,7.36545646809934
-48,50.5,0,0,2.20790576934814,10.6971524326355
-47.5,50.5,0,0,2.06166434288025,14.297527532822
-47,50.5,0,0,2.08313870429993,17.8605970495984
-46.5,50.5,0,0,2.16395330429077,21.0924399349019
-46,50.5,0,0,2.17670249938965,23.7707597095353
-45.5,50.5,0,0,2.18578171730042,25.7798190766542
-45,50.5,0,0,2.13684225082397,27.0706512586356
-44.5,50.5,0,0,2.11621856689453,27.6363531314094
-44,50.5,0,0,2.06149888038635,27.518743873275
-43.5,50.5,0,0,2.15362572669983,26.7531712125326
-43,50.5,0,0,2.20197772979736,25.4031035437886
-42.5,50.5,0,0,2.19790649414062,23.626845894742
-42,50.5,0,0,2.14632749557495,21.5699850791031
-41.5,50.5,0,0,2.13829636573792,19.2665661872378
-41,50.5,0,0,2.238694190979,16.7825918134458
-40.5,50.5,0,0,2.28754186630249,14.3277883888907
-40,50.5,0,0,2.26590371131897,12.1418909087811
-39.5,50.5,0,0,2.31180930137634,10.3185774032952
-39,50.5,0,0,2.29251503944397,8.79990594535887
-38.5,50.5,0,0,2.24005126953125,7.51989566836353
-38,50.5,0,0,2.13171029090881,6.4125074533195
-37.5,50.5,0,0,2.16888976097107,5.33045632053584
-37,50.5,0,0,2.21284627914429,4.20294657096062
-36.5,50.5,0,0,2.21125721931458,3.09515638308958
-36,50.5,0,0,2.1127142906189,2.10066880831312
-35.5,50.5,0,0,2.16289472579956,1.30012786147447
-35,50.5,0,0,2.21266889572144,0.711248802300675
-34.5,50.5,0,0,2.29166316986084,0.323880517663925
-34,50.5,0,0,2.28226852416992,0.105904201651023
-33.5,50.5,0,0,2.21813678741455,0.0159515695521125
-33,50.5,0,0,2.18547630310059,0
-32.5,50.5,0,0,2.18084359169006,0
-32,50.5,0,0,2.18084359169006,0
